Timestamp (ISO8601),Pressure (Pa),Altitude AGL (m),Humidity (%),Temperature (Â°C)
0000-00-00T99:99:99:000,101404.922,-0.011,61.250,33.260
0000-00-00T14:28:09:000,101404.492,0.024,61.280,33.240
0000-00-00T14:28:09:075,101404.758,0.002,61.350,33.270
0000-00-00T14:28:09:149,101403.969,0.068,61.350,33.270
0000-00-00T14:28:09:223,101404.258,0.044,61.380,33.260
0000-00-00T14:28:09:298,101403.844,0.078,61.410,33.300
0000-00-00T14:28:09:372,101403.344,0.120,61.450,33.260
0000-00-00T14:28:09:446,101404.008,0.064,61.490,33.290
0000-00-00T14:28:09:523,101405.750,-0.080,61.500,33.260
0000-00-00T14:28:09:598,101405.227,-0.036,61.540,33.290
0000-00-00T14:28:09:672,101403.930,0.071,61.560,33.290
0000-00-00T14:28:09:747,101402.758,0.168,61.570,33.260
0000-00-00T14:28:09:822,101403.141,0.137,61.640,33.270
0000-00-00T14:28:12:000,101403.305,0.123,61.650,33.240
0000-00-00T14:28:12:074,101403.359,0.119,61.670,33.260
0000-00-00T14:28:12:148,101404.234,0.046,61.690,33.270
0000-00-00T14:28:12:223,101404.594,0.016,61.710,33.240
0000-00-00T14:28:12:300,101405.188,-0.033,61.730,33.240
0000-00-00T14:28:12:374,101406.430,-0.137,61.770,33.240
0000-00-00T14:28:12:449,101405.742,-0.079,61.710,33.260
0000-00-00T14:28:12:523,101406.180,-0.116,61.700,33.260
0000-00-00T14:28:12:598,101404.727,0.005,61.750,33.240
0000-00-00T14:28:12:672,101403.516,0.106,61.720,33.230
0000-00-00T14:28:13:000,101402.820,0.163,61.670,33.240
0000-00-00T14:28:13:075,101403.680,0.092,61.640,33.220
0000-00-00T14:28:13:150,101404.266,0.043,61.610,33.190
0000-00-00T14:28:13:227,101402.742,0.170,61.560,33.190
0000-00-00T14:28:13:301,101401.844,0.245,61.510,33.200
0000-00-00T14:28:13:376,101401.906,0.240,61.430,33.200
0000-00-00T14:28:13:450,101401.453,0.277,61.390,33.160
0000-00-00T14:28:13:525,101403.039,0.145,61.370,33.190
0000-00-00T14:28:13:599,101402.109,0.222,61.270,33.170
0000-00-00T14:28:13:673,101401.594,0.265,61.210,33.170
0000-00-00T14:28:13:748,101400.477,0.359,61.160,33.140
0000-00-00T14:28:13:822,101401.422,0.280,61.090,33.120
0000-00-00T14:28:13:899,101401.344,0.287,61.030,33.140
0000-00-00T14:28:13:974,101400.078,0.392,60.990,33.120
0000-00-00T14:28:14:000,101399.852,0.410,60.930,33.100
0000-00-00T14:28:14:075,101401.844,0.245,60.870,33.090
0000-00-00T14:28:14:150,101402.773,0.167,60.840,33.100
0000-00-00T14:28:14:224,101403.344,0.120,60.810,33.100
0000-00-00T14:28:14:299,101405.281,-0.041,60.780,33.090
0000-00-00T14:28:14:374,101407.008,-0.185,60.760,33.090
0000-00-00T14:28:14:448,101406.883,-0.175,60.710,33.100
0000-00-00T14:28:14:523,101406.523,-0.145,60.730,33.120
0000-00-00T14:28:14:600,101406.914,-0.177,60.680,33.130
0000-00-00T14:28:14:674,101411.586,-0.565,60.650,33.140
0000-00-00T14:28:14:749,101410.344,-0.463,60.660,33.130
0000-00-00T14:28:14:823,101408.688,-0.325,60.710,33.130
0000-00-00T14:28:14:898,101407.891,-0.258,60.700,33.120
0000-00-00T14:28:15:000,101408.125,-0.278,60.720,33.130
0000-00-00T14:28:15:075,101406.586,-0.150,60.750,33.130
0000-00-00T14:28:15:149,101406.820,-0.169,60.780,33.130
0000-00-00T14:28:15:224,101407.195,-0.200,60.790,33.160
0000-00-00T14:28:15:301,101406.367,-0.132,60.830,33.140
0000-00-00T14:28:15:375,101406.398,-0.134,60.860,33.140
0000-00-00T14:28:15:450,101406.703,-0.160,60.870,33.120
0000-00-00T14:28:15:524,101407.602,-0.234,60.900,33.130
0000-00-00T14:28:15:599,101408.047,-0.272,60.960,33.140
0000-00-00T14:28:15:673,101408.820,-0.336,60.960,33.160
0000-00-00T14:28:15:748,101410.617,-0.486,61.020,33.160
0000-00-00T14:28:15:822,101410.148,-0.446,61.040,33.160
0000-00-00T14:28:16:000,101409.922,-0.427,61.060,33.140
0000-00-00T14:28:16:078,101408.953,-0.347,61.100,33.140
0000-00-00T14:28:16:153,101408.148,-0.280,61.110,33.160
0000-00-00T14:28:16:227,101408.023,-0.270,61.150,33.140
0000-00-00T14:28:16:302,101407.203,-0.201,61.160,33.170
0000-00-00T14:28:16:376,101407.094,-0.192,61.180,33.160
0000-00-00T14:28:16:450,101407.062,-0.189,61.240,33.170
0000-00-00T14:28:16:525,101408.250,-0.289,61.270,33.170
0000-00-00T14:28:16:599,101407.836,-0.253,61.320,33.160
0000-00-00T14:28:16:674,101406.172,-0.116,61.320,33.160
0000-00-00T14:28:16:746,101405.352,-0.047,61.360,33.160
0000-00-00T14:28:16:820,101405.852,-0.088,61.360,33.140
0000-00-00T14:28:16:895,101406.578,-0.149,61.430,33.170
0000-00-00T14:28:16:970,101406.219,-0.120,61.430,33.160
0000-00-00T14:28:17:000,101406.977,-0.182,61.450,33.160
0000-00-00T14:28:17:074,101405.922,-0.095,61.480,33.160
0000-00-00T14:28:17:149,101404.367,0.035,61.470,33.170
0000-00-00T14:28:17:223,101404.594,0.016,61.480,33.170
0000-00-00T14:28:17:298,101405.031,-0.020,61.480,33.160
0000-00-00T14:28:17:375,101405.742,-0.079,61.550,33.170
0000-00-00T14:28:17:449,101406.680,-0.158,61.540,33.160
0000-00-00T14:28:17:537,101406.781,-0.166,61.550,33.160
0000-00-00T14:28:17:611,101406.523,-0.145,61.580,33.140
0000-00-00T14:28:17:686,101407.500,-0.226,61.620,33.160
0000-00-00T14:28:17:760,101406.992,-0.184,61.630,33.160
0000-00-00T14:28:17:835,101406.109,-0.111,61.650,33.130
0000-00-00T14:28:17:909,101406.492,-0.142,61.660,33.190
0000-00-00T14:28:18:000,101406.930,-0.178,61.670,33.160
0000-00-00T14:28:18:073,101407.375,-0.215,61.650,33.170
0000-00-00T14:28:18:148,101407.836,-0.253,61.680,33.170
0000-00-00T14:28:18:222,101407.836,-0.253,61.700,33.190
0000-00-00T14:28:18:296,101407.219,-0.202,61.690,33.160
0000-00-00T14:28:18:371,101405.883,-0.092,61.720,33.190
0000-00-00T14:28:18:445,101404.805,-0.002,61.730,33.190
0000-00-00T14:28:18:520,101404.977,-0.016,61.780,33.160
0000-00-00T14:28:18:594,101406.133,-0.113,61.740,33.160
0000-00-00T14:28:18:671,101405.961,-0.098,61.770,33.190
0000-00-00T14:28:18:746,101405.969,-0.099,61.740,33.170
0000-00-00T14:28:18:820,101406.492,-0.142,61.740,33.170
0000-00-00T14:28:18:901,101405.578,-0.066,61.800,33.190
0000-00-00T14:28:19:000,101405.797,-0.084,61.770,33.170
0000-00-00T14:28:19:075,101406.273,-0.124,61.800,33.190
0000-00-00T14:28:19:149,101406.250,-0.122,61.820,33.170
0000-00-00T14:28:19:224,101406.148,-0.114,61.800,33.160
0000-00-00T14:28:19:299,101405.719,-0.077,61.810,33.170
0000-00-00T14:28:19:376,101405.500,-0.059,61.820,33.160
0000-00-00T14:28:19:451,101404.984,-0.017,61.800,33.190
0000-00-00T14:28:19:525,101405.828,-0.086,61.830,33.160
0000-00-00T14:28:19:599,101406.758,-0.164,61.810,33.170
0000-00-00T14:28:19:674,101406.680,-0.158,61.840,33.170
0000-00-00T14:28:19:748,101405.844,-0.087,61.850,33.200
0000-00-00T14:28:19:823,101406.453,-0.139,61.820,33.190
0000-00-00T14:28:19:897,101407.336,-0.212,61.850,33.160
0000-00-00T14:28:20:000,101406.898,-0.176,61.860,33.200
0000-00-00T14:28:20:078,101406.531,-0.145,61.830,33.190
0000-00-00T14:28:20:153,101406.414,-0.136,61.820,33.190
0000-00-00T14:28:20:227,101407.992,-0.266,61.840,33.190
0000-00-00T14:28:20:301,101407.688,-0.241,61.860,33.170
0000-00-00T14:28:20:376,101406.562,-0.148,61.860,33.160
0000-00-00T14:28:20:450,101406.758,-0.164,61.890,33.170
0000-00-00T14:28:20:525,101407.203,-0.201,61.850,33.190
0000-00-00T14:28:20:599,101406.367,-0.132,61.850,33.190
0000-00-00T14:28:20:674,101406.672,-0.157,61.870,33.170
0000-00-00T14:28:20:751,101406.422,-0.136,61.860,33.200
0000-00-00T14:28:20:825,101406.336,-0.129,61.880,33.200
0000-00-00T14:28:20:900,101406.461,-0.140,61.870,33.170
0000-00-00T14:28:21:000,101408.172,-0.282,61.900,33.200
0000-00-00T14:28:21:075,101408.094,-0.276,61.870,33.190
0000-00-00T14:28:21:150,101407.453,-0.222,61.860,33.200
0000-00-00T14:28:21:224,101407.672,-0.240,61.860,33.220
0000-00-00T14:28:21:299,101407.164,-0.198,61.870,33.190
0000-00-00T14:28:21:373,101406.516,-0.144,61.900,33.160
0000-00-00T14:28:21:450,101407.773,-0.248,61.900,33.190
0000-00-00T14:28:21:525,101408.375,-0.299,61.880,33.190
0000-00-00T14:28:21:599,101407.773,-0.248,61.880,33.170
0000-00-00T14:28:21:673,101406.906,-0.177,61.910,33.190
0000-00-00T14:28:21:748,101405.719,-0.077,61.890,33.170
0000-00-00T14:28:21:822,101406.336,-0.129,61.860,33.190
0000-00-00T14:28:22:000,101406.656,-0.156,61.890,33.200
0000-00-00T14:28:22:075,101405.727,-0.078,61.880,33.190
0000-00-00T14:28:22:150,101404.773,0.001,61.900,33.200
0000-00-00T14:28:22:235,101405.039,-0.021,61.910,33.160
0000-00-00T14:28:22:312,101407.133,-0.195,61.870,33.190
0000-00-00T14:28:22:388,101406.828,-0.170,61.870,33.220
0000-00-00T14:28:22:465,101408.242,-0.288,61.920,33.200
0000-00-00T14:28:22:541,101407.438,-0.221,61.900,33.200
0000-00-00T14:28:22:618,101406.227,-0.120,61.880,33.220
0000-00-00T14:28:22:694,101405.766,-0.081,61.880,33.200
0000-00-00T14:28:22:771,101404.906,-0.010,61.860,33.200
0000-00-00T14:28:22:847,101405.422,-0.053,61.850,33.230
0000-00-00T14:28:22:927,101405.195,-0.034,61.910,33.190
0000-00-00T14:28:23:000,101405.844,-0.087,61.870,33.190
0000-00-00T14:28:23:077,101405.961,-0.098,61.890,33.200
0000-00-00T14:28:23:153,101406.641,-0.154,61.880,33.200
0000-00-00T14:28:23:230,101406.617,-0.152,61.890,33.200
0000-00-00T14:28:23:306,101407.344,-0.213,61.910,33.230
0000-00-00T14:28:23:383,101406.625,-0.153,61.890,33.190
0000-00-00T14:28:23:459,101406.102,-0.110,61.890,33.190
0000-00-00T14:28:23:536,101405.336,-0.045,61.900,33.220
0000-00-00T14:28:23:615,101405.602,-0.068,61.910,33.200
0000-00-00T14:28:23:691,101405.750,-0.080,61.880,33.220
0000-00-00T14:28:23:768,101404.984,-0.017,61.900,33.200
0000-00-00T14:28:23:845,101405.812,-0.085,61.910,33.220
0000-00-00T14:28:23:921,101405.156,-0.031,61.900,33.220
0000-00-00T14:28:24:000,101405.875,-0.091,61.900,33.190
0000-00-00T14:28:24:077,101406.008,-0.102,61.910,33.220
0000-00-00T14:28:24:154,101404.984,-0.017,61.910,33.230
0000-00-00T14:28:24:231,101405.727,-0.078,61.910,33.190
0000-00-00T14:28:24:311,101406.297,-0.126,61.900,33.200
0000-00-00T14:28:24:387,101406.484,-0.141,61.920,33.220
0000-00-00T14:28:24:464,101406.898,-0.176,61.900,33.220
0000-00-00T14:28:24:540,101406.094,-0.109,61.910,33.220
0000-00-00T14:28:24:617,101405.430,-0.054,61.860,33.200
0000-00-00T14:28:24:693,101403.984,0.066,61.920,33.240
0000-00-00T14:28:24:770,101404.031,0.063,61.950,33.230
0000-00-00T14:28:24:846,101402.836,0.162,61.900,33.200
0000-00-00T14:28:25:000,101403.609,0.098,61.910,33.220
0000-00-00T14:28:25:080,101403.867,0.076,61.910,33.230
0000-00-00T14:28:25:157,101404.055,0.061,61.900,33.200
0000-00-00T14:28:25:233,101403.859,0.077,61.920,33.230
0000-00-00T14:28:25:310,101404.328,0.038,61.890,33.220
0000-00-00T14:28:25:386,101403.047,0.145,61.890,33.200
0000-00-00T14:28:25:463,101403.641,0.096,61.890,33.220
0000-00-00T14:28:25:539,101403.039,0.145,61.910,33.220
0000-00-00T14:28:25:616,101402.602,0.182,61.900,33.220
0000-00-00T14:28:25:707,101402.164,0.218,61.900,33.220
0000-00-00T14:28:25:783,101402.234,0.212,61.920,33.230
0000-00-00T14:28:25:862,101403.273,0.126,61.910,33.200
0000-00-00T14:28:25:939,101402.070,0.226,61.920,33.230
0000-00-00T14:28:26:000,101401.445,0.278,61.910,33.220
0000-00-00T14:28:26:077,101400.484,0.358,61.880,33.230
0000-00-00T14:28:26:154,101400.844,0.328,61.910,33.230
0000-00-00T14:28:26:230,101400.602,0.348,61.900,33.240
0000-00-00T14:28:26:307,101400.406,0.364,61.910,33.230
0000-00-00T14:28:26:383,101401.453,0.277,61.900,33.260
0000-00-00T14:28:26:460,101401.984,0.233,61.910,33.220
0000-00-00T14:28:26:539,101400.852,0.327,61.880,33.240
0000-00-00T14:28:26:616,101401.906,0.240,61.920,33.260
0000-00-00T14:28:26:692,101402.227,0.213,61.880,33.260
0000-00-00T14:28:26:769,101402.945,0.153,61.900,33.260
0000-00-00T14:28:26:845,101402.297,0.207,61.900,33.230
0000-00-00T14:28:26:922,101402.461,0.194,61.900,33.240
0000-00-00T14:28:27:000,101402.469,0.193,61.940,33.260
0000-00-00T14:28:27:077,101403.656,0.094,61.910,33.240
0000-00-00T14:28:27:154,101402.883,0.158,61.920,33.260
0000-00-00T14:28:27:233,101402.758,0.168,61.920,33.260
0000-00-00T14:28:27:309,101401.078,0.308,61.920,33.260
0000-00-00T14:28:27:386,101401.836,0.245,61.920,33.240
0000-00-00T14:28:27:463,101400.867,0.326,61.920,33.240
0000-00-00T14:28:27:539,101400.547,0.352,61.920,33.260
0000-00-00T14:28:27:616,101400.312,0.372,61.880,33.260
0000-00-00T14:28:27:692,101400.406,0.364,61.900,33.260
0000-00-00T14:28:27:769,101401.602,0.265,61.900,33.260
0000-00-00T14:28:27:846,101401.070,0.309,61.910,33.270
0000-00-00T14:28:28:000,101399.227,0.463,61.930,33.260
0000-00-00T14:28:28:077,101399.508,0.439,61.900,33.270
0000-00-00T14:28:28:154,101399.133,0.470,61.880,33.240
0000-00-00T14:28:28:230,101398.148,0.552,61.900,33.270
0000-00-00T14:28:28:307,101398.352,0.535,61.900,33.240
0000-00-00T14:28:28:383,101398.414,0.530,61.920,33.290
0000-00-00T14:28:28:460,101398.641,0.511,61.920,33.260
0000-00-00T14:28:28:543,101399.414,0.447,61.920,33.240
0000-00-00T14:28:28:619,101400.086,0.391,61.900,33.270
0000-00-00T14:28:28:698,101400.586,0.349,61.890,33.290
0000-00-00T14:28:28:775,101400.461,0.360,61.900,33.270
0000-00-00T14:28:28:851,101401.492,0.274,61.900,33.270
0000-00-00T14:28:28:928,101401.039,0.312,61.880,33.240
0000-00-00T14:28:29:000,101400.578,0.350,61.910,33.240
0000-00-00T14:28:29:077,101400.992,0.315,61.930,33.270
0000-00-00T14:28:29:154,101401.141,0.303,61.910,33.270
0000-00-00T14:28:29:231,101400.594,0.349,61.890,33.260
0000-00-00T14:28:29:308,101399.992,0.399,61.880,33.270
0000-00-00T14:28:29:387,101401.016,0.314,61.900,33.260
0000-00-00T14:28:29:463,101400.438,0.362,61.890,33.270
0000-00-00T14:28:29:540,101399.852,0.410,61.900,33.260
0000-00-00T14:28:29:616,101400.508,0.356,61.910,33.270
0000-00-00T14:28:29:693,101399.172,0.467,61.910,33.260
0000-00-00T14:28:29:769,101397.961,0.568,61.900,33.260
0000-00-00T14:28:29:846,101397.961,0.568,61.880,33.270
0000-00-00T14:28:30:000,101398.398,0.531,61.900,33.270
0000-00-00T14:28:30:077,101397.945,0.569,61.930,33.270
0000-00-00T14:28:30:156,101397.172,0.633,61.900,33.270
0000-00-00T14:28:30:233,101397.672,0.591,61.880,33.270
0000-00-00T14:28:30:310,101397.805,0.581,61.880,33.270
0000-00-00T14:28:30:386,101397.789,0.582,61.880,33.290
0000-00-00T14:28:30:463,101396.453,0.693,61.890,33.290
0000-00-00T14:28:30:539,101396.461,0.692,61.870,33.270
0000-00-00T14:28:30:616,101396.422,0.695,61.890,33.260
0000-00-00T14:28:30:692,101396.156,0.718,61.880,33.290
0000-00-00T14:28:30:769,101397.289,0.624,61.870,33.290
0000-00-00T14:28:30:845,101398.078,0.558,61.890,33.270
0000-00-00T14:28:30:925,101400.242,0.378,61.890,33.270
0000-00-00T14:28:31:000,101400.109,0.389,61.890,33.270
0000-00-00T14:28:31:077,101400.875,0.325,61.880,33.290
0000-00-00T14:28:31:153,101399.805,0.414,61.900,33.290
0000-00-00T14:28:31:230,101400.539,0.353,61.860,33.290
0000-00-00T14:28:31:306,101401.680,0.258,61.900,33.270
0000-00-00T14:28:31:383,101402.281,0.208,61.860,33.270
0000-00-00T14:28:31:460,101403.703,0.090,61.880,33.290
0000-00-00T14:28:31:536,101403.711,0.090,61.890,33.240
0000-00-00T14:28:31:615,101403.930,0.071,61.900,33.290
0000-00-00T14:28:31:692,101402.969,0.151,61.900,33.290
0000-00-00T14:28:31:768,101403.500,0.107,61.870,33.300
0000-00-00T14:28:31:845,101403.047,0.145,61.890,33.270
0000-00-00T14:28:31:922,101403.070,0.143,61.890,33.270
0000-00-00T14:28:32:000,101403.109,0.140,61.870,33.290
0000-00-00T14:28:32:077,101403.812,0.081,61.930,33.290
0000-00-00T14:28:32:153,101402.789,0.166,61.910,33.290
0000-00-00T14:28:32:230,101403.898,0.073,61.840,33.290
0000-00-00T14:28:32:309,101404.352,0.036,61.920,33.270
0000-00-00T14:28:32:386,101403.531,0.104,61.880,33.300
0000-00-00T14:28:32:462,101404.711,0.006,61.890,33.290
0000-00-00T14:28:32:539,101404.461,0.027,61.860,33.300
0000-00-00T14:28:32:615,101403.734,0.087,61.910,33.290
0000-00-00T14:28:32:692,101403.867,0.076,61.900,33.290
0000-00-00T14:28:32:768,101403.516,0.106,61.880,33.270
0000-00-00T14:28:32:845,101403.695,0.091,61.930,33.290
0000-00-00T14:28:32:922,101402.289,0.208,61.940,33.300
0000-00-00T14:28:33:000,101402.328,0.205,61.900,33.300
0000-00-00T14:28:33:077,101402.492,0.191,61.890,33.300
0000-00-00T14:28:33:153,101404.305,0.040,61.950,33.300
0000-00-00T14:28:33:230,101403.773,0.084,61.900,33.290
0000-00-00T14:28:33:306,101402.922,0.155,61.930,33.290
0000-00-00T14:28:33:383,101403.453,0.111,61.940,33.290
0000-00-00T14:28:33:459,101403.109,0.140,61.910,33.310
0000-00-00T14:28:33:536,101403.453,0.111,61.900,33.290
0000-00-00T14:28:33:612,101404.117,0.055,61.920,33.300
0000-00-00T14:28:33:715,101402.523,0.189,61.940,33.260
0000-00-00T14:28:33:791,101402.461,0.194,61.900,33.300
0000-00-00T14:28:33:868,101403.953,0.069,61.910,33.300
0000-00-00T14:28:34:000,101402.898,0.157,61.960,33.300
0000-00-00T14:28:34:077,101402.375,0.201,61.920,33.270
0000-00-00T14:28:34:154,101403.023,0.147,61.940,33.310
0000-00-00T14:28:34:231,101404.477,0.026,61.950,33.290
0000-00-00T14:28:34:307,101404.086,0.058,61.940,33.290
0000-00-00T14:28:34:384,101404.750,0.003,61.920,33.300
0000-00-00T14:28:34:463,101405.039,-0.021,61.930,33.300
0000-00-00T14:28:34:540,101404.258,0.044,61.920,33.300
0000-00-00T14:28:34:616,101404.125,0.055,61.950,33.290
0000-00-00T14:28:34:693,101404.547,0.020,61.940,33.300
0000-00-00T14:28:34:769,101404.461,0.027,61.950,33.290
0000-00-00T14:28:34:846,101404.875,-0.008,61.930,33.300
0000-00-00T14:28:35:000,101404.523,0.022,61.990,33.290
0000-00-00T14:28:35:077,101403.164,0.135,61.950,33.300
0000-00-00T14:28:35:153,101403.453,0.111,61.920,33.290
0000-00-00T14:28:35:233,101403.773,0.084,61.940,33.310
0000-00-00T14:28:35:309,101403.844,0.078,61.930,33.330
0000-00-00T14:28:35:386,101403.477,0.109,61.950,33.300
0000-00-00T14:28:35:462,101403.719,0.089,61.940,33.300
0000-00-00T14:28:35:539,101404.875,-0.008,61.990,33.290
0000-00-00T14:28:35:615,101404.781,0.001,61.960,33.290
0000-00-00T14:28:35:692,101403.844,0.078,61.960,33.330
0000-00-00T14:28:35:768,101403.758,0.085,61.950,33.300
0000-00-00T14:28:35:845,101403.305,0.123,61.970,33.300
0000-00-00T14:28:35:921,101404.094,0.057,61.980,33.330
0000-00-00T14:28:36:000,101402.828,0.163,61.980,33.300
0000-00-00T14:28:36:077,101403.297,0.124,61.970,33.330
0000-00-00T14:28:36:154,101403.086,0.141,61.950,33.290
0000-00-00T14:28:36:230,101402.812,0.164,61.970,33.330
0000-00-00T14:28:36:307,101401.852,0.244,61.960,33.310
0000-00-00T14:28:36:384,101402.445,0.195,62.000,33.300
0000-00-00T14:28:36:460,101403.359,0.119,61.970,33.300
0000-00-00T14:28:36:537,101402.703,0.173,61.960,33.300
0000-00-00T14:28:36:613,101402.805,0.164,61.990,33.300
0000-00-00T14:28:36:692,101402.930,0.154,61.980,33.330
0000-00-00T14:28:36:769,101402.789,0.166,61.970,33.310
0000-00-00T14:28:36:846,101403.266,0.126,61.960,33.300
0000-00-00T14:28:37:000,101402.188,0.216,61.970,33.330
0000-00-00T14:28:37:077,101401.297,0.291,61.960,33.310
0000-00-00T14:28:37:153,101401.953,0.236,61.990,33.300
0000-00-00T14:28:37:230,101402.461,0.194,61.950,33.300
0000-00-00T14:28:37:307,101402.336,0.204,61.960,33.310
0000-00-00T14:28:37:383,101402.547,0.187,61.970,33.310
0000-00-00T14:28:37:462,101401.500,0.273,61.990,33.310
0000-00-00T14:28:37:539,101401.953,0.236,61.970,33.330
0000-00-00T14:28:37:615,101402.086,0.224,61.970,33.330
0000-00-00T14:28:37:692,101402.406,0.198,61.970,33.310
0000-00-00T14:28:37:768,101402.945,0.153,61.980,33.300
0000-00-00T14:28:37:845,101403.102,0.140,61.990,33.300
0000-00-00T14:28:37:922,101402.891,0.157,62.010,33.310
0000-00-00T14:28:38:000,101403.656,0.094,61.970,33.330
0000-00-00T14:28:38:077,101402.891,0.157,61.970,33.310
0000-00-00T14:28:38:156,101403.156,0.136,61.970,33.310
0000-00-00T14:28:38:239,101403.648,0.095,61.970,33.310
0000-00-00T14:28:38:315,101404.906,-0.010,61.950,33.310
0000-00-00T14:28:38:392,101403.766,0.085,61.970,33.310
0000-00-00T14:28:38:468,101403.031,0.146,61.960,33.340
0000-00-00T14:28:38:545,101403.930,0.071,61.960,33.310
0000-00-00T14:28:38:621,101402.805,0.164,61.980,33.310
0000-00-00T14:28:38:698,101403.625,0.097,61.980,33.310
0000-00-00T14:28:38:774,101404.055,0.061,61.960,33.310
0000-00-00T14:28:38:854,101404.977,-0.016,61.970,33.330
0000-00-00T14:28:38:931,101403.812,0.081,61.980,33.310
0000-00-00T14:28:39:000,101402.664,0.176,61.990,33.330
0000-00-00T14:28:39:077,101402.211,0.214,61.970,33.310
0000-00-00T14:28:39:154,101402.305,0.206,61.960,33.310
0000-00-00T14:28:39:231,101402.758,0.168,61.970,33.330
0000-00-00T14:28:39:308,101403.344,0.120,61.960,33.340
0000-00-00T14:28:39:384,101402.719,0.172,61.990,33.330
0000-00-00T14:28:39:461,101404.188,0.050,61.940,33.310
0000-00-00T14:28:39:540,101405.352,-0.047,61.960,33.340
0000-00-00T14:28:39:616,101404.195,0.049,61.990,33.310
0000-00-00T14:28:39:693,101404.289,0.041,61.970,33.330
0000-00-00T14:28:39:769,101404.602,0.015,61.980,33.330
0000-00-00T14:28:39:846,101403.664,0.094,61.960,33.330
0000-00-00T14:28:40:000,101403.328,0.121,61.960,33.310
0000-00-00T14:28:40:077,101402.797,0.165,61.950,33.330
0000-00-00T14:28:40:154,101403.719,0.089,61.970,33.340
0000-00-00T14:28:40:230,101403.938,0.070,61.980,33.330
0000-00-00T14:28:40:310,101404.375,0.034,61.940,33.330
0000-00-00T14:28:40:386,101404.438,0.029,61.990,33.340
0000-00-00T14:28:40:463,101404.758,0.002,61.970,33.330
0000-00-00T14:28:40:539,101403.281,0.125,61.970,33.330
0000-00-00T14:28:40:616,101404.172,0.051,61.970,33.350
0000-00-00T14:28:40:692,101404.719,0.006,61.980,33.340
0000-00-00T14:28:40:768,101404.227,0.047,61.990,33.310
0000-00-00T14:28:40:845,101404.352,0.036,61.970,33.350
0000-00-00T14:28:40:922,101404.906,-0.010,61.980,33.340
0000-00-00T14:28:41:000,101405.523,-0.061,61.950,33.330
0000-00-00T14:28:41:077,101404.375,0.034,61.960,33.330
0000-00-00T14:28:41:154,101404.773,0.001,61.950,33.340
0000-00-00T14:28:41:230,101405.172,-0.032,61.990,33.310
0000-00-00T14:28:41:307,101405.781,-0.082,61.970,33.330
0000-00-00T14:28:41:384,101405.945,-0.097,61.940,33.340
0000-00-00T14:28:41:460,101405.633,-0.070,61.960,33.350
0000-00-00T14:28:41:537,101405.750,-0.080,61.950,33.340
0000-00-00T14:28:41:613,101404.727,0.005,61.960,33.350
0000-00-00T14:28:41:692,101404.633,0.013,61.950,33.340
0000-00-00T14:28:41:785,101405.250,-0.038,61.960,33.340
0000-00-00T14:28:41:861,101405.445,-0.055,61.960,33.340
0000-00-00T14:28:42:000,101405.422,-0.053,61.940,33.340
0000-00-00T14:28:42:077,101405.312,-0.043,61.950,33.330
0000-00-00T14:28:42:154,101404.469,0.027,62.000,33.340
0000-00-00T14:28:42:231,101404.445,0.029,61.960,33.340
0000-00-00T14:28:42:307,101404.102,0.057,61.950,33.330
0000-00-00T14:28:42:384,101404.219,0.047,61.960,33.310
0000-00-00T14:28:42:460,101404.695,0.008,61.940,33.340
0000-00-00T14:28:42:539,101404.516,0.022,61.950,33.310
0000-00-00T14:28:42:616,101403.758,0.085,61.950,33.350
0000-00-00T14:28:42:693,101402.602,0.182,61.960,33.340
0000-00-00T14:28:42:769,101402.273,0.209,61.970,33.350
0000-00-00T14:28:42:846,101402.922,0.155,61.970,33.340
0000-00-00T14:28:43:000,101404.094,0.057,61.960,33.350
0000-00-00T14:28:43:077,101405.219,-0.036,61.960,33.350
0000-00-00T14:28:43:154,101403.336,0.120,61.950,33.350
0000-00-00T14:28:43:230,101403.594,0.099,61.930,33.350
0000-00-00T14:28:43:309,101404.094,0.057,61.920,33.350
0000-00-00T14:28:43:386,101403.969,0.068,61.950,33.330
0000-00-00T14:28:43:462,101404.688,0.008,61.950,33.330
0000-00-00T14:28:43:539,101403.328,0.121,61.940,33.340
0000-00-00T14:28:43:615,101404.734,0.004,61.930,33.350
0000-00-00T14:28:43:692,101405.016,-0.019,61.920,33.340
0000-00-00T14:28:43:768,101404.594,0.016,61.950,33.350
0000-00-00T14:28:43:845,101404.234,0.046,61.900,33.310
0000-00-00T14:28:43:922,101404.039,0.062,61.950,33.340
0000-00-00T14:28:44:000,101404.867,-0.007,61.960,33.340
0000-00-00T14:28:44:076,101404.055,0.061,61.900,33.350
0000-00-00T14:28:44:153,101404.961,-0.015,61.950,33.340
0000-00-00T14:28:44:230,101405.008,-0.018,61.930,33.330
0000-00-00T14:28:44:307,101404.625,0.013,61.920,33.350
0000-00-00T14:28:44:384,101405.617,-0.069,61.920,33.350
0000-00-00T14:28:44:460,101406.102,-0.110,61.930,33.340
0000-00-00T14:28:44:537,101405.391,-0.050,61.930,33.350
0000-00-00T14:28:44:613,101404.445,0.029,61.940,33.340
0000-00-00T14:28:44:693,101405.047,-0.022,61.910,33.340
0000-00-00T14:28:44:769,101404.227,0.047,61.930,33.350
0000-00-00T14:28:44:846,101405.016,-0.019,61.950,33.350
0000-00-00T14:28:44:923,101404.625,0.013,61.900,33.340
0000-00-00T14:28:45:000,101404.562,0.018,61.950,33.340
0000-00-00T14:28:45:077,101403.578,0.101,61.930,33.340
0000-00-00T14:28:45:153,101404.117,0.055,61.970,33.350
0000-00-00T14:28:45:230,101403.297,0.124,61.960,33.350
0000-00-00T14:28:45:307,101403.711,0.090,61.920,33.350
0000-00-00T14:28:45:394,101403.023,0.147,61.880,33.370
0000-00-00T14:28:45:471,101404.578,0.017,61.920,33.340
0000-00-00T14:28:45:547,101405.367,-0.048,61.930,33.350
0000-00-00T14:28:45:624,101406.086,-0.109,61.900,33.350
0000-00-00T14:28:45:700,101405.906,-0.094,61.900,33.350
0000-00-00T14:28:45:777,101405.898,-0.093,61.900,33.350
0000-00-00T14:28:45:853,101405.375,-0.049,61.920,33.370
0000-00-00T14:28:46:000,101404.938,-0.013,61.880,33.370
0000-00-00T14:28:46:077,101405.008,-0.018,61.920,33.350
0000-00-00T14:28:46:157,101404.695,0.008,61.930,33.350
0000-00-00T14:28:46:233,101405.234,-0.037,61.920,33.350
0000-00-00T14:28:46:310,101405.695,-0.075,61.880,33.370
0000-00-00T14:28:46:386,101406.648,-0.155,61.910,33.370
0000-00-00T14:28:46:462,101405.703,-0.076,61.880,33.370
0000-00-00T14:28:46:539,101406.047,-0.106,61.890,33.350
0000-00-00T14:28:46:615,101404.562,0.018,61.920,33.350
0000-00-00T14:28:46:692,101404.602,0.015,61.940,33.350
0000-00-00T14:28:46:769,101404.570,0.018,61.920,33.350
0000-00-00T14:28:46:848,101405.141,-0.029,61.890,33.350
0000-00-00T14:28:46:925,101404.539,0.020,61.930,33.350
0000-00-00T14:28:47:000,101403.953,0.069,61.880,33.350
0000-00-00T14:28:47:077,101404.938,-0.013,61.920,33.370
0000-00-00T14:28:47:153,101404.359,0.036,61.870,33.350
0000-00-00T14:28:47:230,101404.305,0.040,61.880,33.350
0000-00-00T14:28:47:306,101404.250,0.045,61.920,33.350
0000-00-00T14:28:47:383,101403.523,0.105,61.900,33.350
0000-00-00T14:28:47:460,101404.273,0.043,61.920,33.350
0000-00-00T14:28:47:539,101405.227,-0.036,61.930,33.350
0000-00-00T14:28:47:615,101405.383,-0.049,61.890,33.340
0000-00-00T14:28:47:692,101404.227,0.047,61.900,33.370
0000-00-00T14:28:47:768,101404.977,-0.016,61.880,33.370
0000-00-00T14:28:47:845,101405.953,-0.097,61.890,33.390
0000-00-00T14:28:48:000,101405.789,-0.083,61.890,33.370
0000-00-00T14:28:48:077,101405.930,-0.096,61.910,33.370
0000-00-00T14:28:48:154,101406.281,-0.125,61.890,33.340
0000-00-00T14:28:48:230,101405.305,-0.043,61.890,33.340
0000-00-00T14:28:48:309,101406.164,-0.115,61.840,33.350
0000-00-00T14:28:48:386,101405.008,-0.018,61.890,33.350
0000-00-00T14:28:48:462,101405.062,-0.023,61.900,33.370
0000-00-00T14:28:48:539,101404.633,0.013,61.900,33.370
0000-00-00T14:28:48:615,101404.414,0.031,61.880,33.370
0000-00-00T14:28:48:692,101403.648,0.095,61.880,33.350
0000-00-00T14:28:48:768,101404.141,0.054,61.880,33.350
0000-00-00T14:28:48:845,101404.891,-0.009,61.860,33.400
0000-00-00T14:28:48:922,101404.938,-0.013,61.900,33.370
0000-00-00T14:28:49:000,101405.820,-0.086,61.890,33.370
0000-00-00T14:28:49:077,101404.828,-0.004,61.840,33.370
0000-00-00T14:28:49:154,101404.359,0.036,61.860,33.400
0000-00-00T14:28:49:230,101404.859,-0.006,61.900,33.350
0000-00-00T14:28:49:307,101404.766,0.002,61.880,33.340
0000-00-00T14:28:49:384,101404.914,-0.011,61.880,33.370
0000-00-00T14:28:49:460,101405.469,-0.057,61.860,33.370
0000-00-00T14:28:49:537,101406.227,-0.120,61.870,33.370
0000-00-00T14:28:49:613,101406.445,-0.138,61.870,33.390
0000-00-00T14:28:49:709,101404.859,-0.006,61.870,33.370
0000-00-00T14:28:49:786,101403.812,0.081,61.840,33.370
0000-00-00T14:28:49:863,101403.086,0.141,61.850,33.350
0000-00-00T14:28:50:000,101402.828,0.163,61.870,33.390
0000-00-00T14:28:50:077,101402.531,0.188,61.890,33.390
0000-00-00T14:28:50:153,101402.852,0.161,61.880,33.370
0000-00-00T14:28:50:230,101402.070,0.226,61.880,33.350
0000-00-00T14:28:50:307,101400.984,0.316,61.860,33.400
0000-00-00T14:28:50:383,101401.023,0.313,61.840,33.390
0000-00-00T14:28:50:462,101401.477,0.275,61.850,33.370
0000-00-00T14:28:50:539,101401.445,0.278,61.840,33.390
0000-00-00T14:28:50:615,101401.391,0.282,61.840,33.350
0000-00-00T14:28:50:692,101401.281,0.292,61.860,33.390
0000-00-00T14:28:50:768,101401.344,0.287,61.840,33.390
0000-00-00T14:28:50:845,101400.562,0.351,61.810,33.350
0000-00-00T14:28:50:922,101399.977,0.400,61.850,33.370
0000-00-00T14:28:51:000,101399.758,0.418,61.830,33.350
0000-00-00T14:28:51:077,101400.211,0.380,61.840,33.370
0000-00-00T14:28:51:156,101401.438,0.278,61.840,33.350
0000-00-00T14:28:51:233,101400.258,0.377,61.860,33.390
0000-00-00T14:28:51:309,101399.109,0.472,61.820,33.370
0000-00-00T14:28:51:386,101399.133,0.470,61.860,33.350
0000-00-00T14:28:51:462,101398.461,0.526,61.860,33.390
0000-00-00T14:28:51:539,101398.820,0.496,61.830,33.390
0000-00-00T14:28:51:615,101398.297,0.540,61.840,33.370
0000-00-00T14:28:51:692,101398.773,0.500,61.840,33.370
0000-00-00T14:28:51:768,101400.891,0.324,61.820,33.390
0000-00-00T14:28:51:845,101400.992,0.315,61.840,33.370
0000-00-00T14:28:51:924,101401.375,0.284,61.820,33.390
0000-00-00T14:28:52:000,101402.367,0.201,61.830,33.370
0000-00-00T14:28:52:077,101401.328,0.288,61.850,33.370
0000-00-00T14:28:52:154,101401.062,0.310,61.820,33.390
0000-00-00T14:28:52:230,101402.266,0.210,61.830,33.400
0000-00-00T14:28:52:307,101401.578,0.267,61.840,33.390
0000-00-00T14:28:52:383,101400.945,0.319,61.820,33.400
0000-00-00T14:28:52:460,101398.836,0.495,61.810,33.370
0000-00-00T14:28:52:536,101398.336,0.537,61.840,33.370
0000-00-00T14:28:52:616,101399.094,0.473,61.790,33.390
0000-00-00T14:28:52:692,101400.133,0.387,61.820,33.390
0000-00-00T14:28:52:769,101398.281,0.541,61.740,33.390
0000-00-00T14:28:52:846,101397.883,0.574,61.830,33.400
0000-00-00T14:28:53:000,101397.375,0.616,61.800,33.400
0000-00-00T14:28:53:077,101397.344,0.619,61.760,33.390
0000-00-00T14:28:53:154,101395.336,0.786,61.820,33.400
0000-00-00T14:28:53:230,101395.273,0.791,61.850,33.370
0000-00-00T14:28:53:307,101393.203,0.964,61.790,33.390
0000-00-00T14:28:53:386,101393.516,0.937,61.780,33.370
0000-00-00T14:28:53:463,101392.164,1.050,61.820,33.370
0000-00-00T14:28:53:539,101391.086,1.139,61.790,33.390
0000-00-00T14:28:53:615,101390.625,1.178,61.780,33.390
0000-00-00T14:28:53:692,101390.422,1.195,61.790,33.400
0000-00-00T14:28:53:768,101390.086,1.223,61.790,33.400
0000-00-00T14:28:53:845,101388.836,1.327,61.770,33.370
0000-00-00T14:28:53:922,101388.625,1.345,61.770,33.390
0000-00-00T14:28:54:000,101387.992,1.397,61.770,33.400
0000-00-00T14:28:54:079,101388.266,1.375,61.780,33.400
0000-00-00T14:28:54:156,101387.633,1.427,61.780,33.390
0000-00-00T14:28:54:233,101387.992,1.397,61.790,33.370
0000-00-00T14:28:54:309,101386.859,1.491,61.810,33.400
0000-00-00T14:28:54:386,101385.695,1.589,61.790,33.390
0000-00-00T14:28:54:462,101385.414,1.612,61.790,33.390
0000-00-00T14:28:54:539,101384.688,1.672,61.780,33.410
0000-00-00T14:28:54:615,101383.977,1.731,61.790,33.410
0000-00-00T14:28:54:692,101383.438,1.776,61.790,33.390
0000-00-00T14:28:54:771,101381.000,1.979,61.750,33.400
0000-00-00T14:28:54:848,101380.953,1.983,61.790,33.390
0000-00-00T14:28:55:000,101380.391,2.030,61.770,33.400
0000-00-00T14:28:55:077,101379.758,2.082,61.780,33.400
0000-00-00T14:28:55:154,101379.148,2.133,61.720,33.370
0000-00-00T14:28:55:230,101379.125,2.135,61.770,33.390
0000-00-00T14:28:55:307,101379.336,2.118,61.790,33.370
0000-00-00T14:28:55:383,101378.484,2.188,61.760,33.390
0000-00-00T14:28:55:459,101377.391,2.279,61.740,33.390
0000-00-00T14:28:55:539,101378.125,2.218,61.770,33.410
0000-00-00T14:28:55:615,101377.477,2.272,61.720,33.390
0000-00-00T14:28:55:692,101376.477,2.355,61.740,33.400
0000-00-00T14:28:55:768,101375.969,2.397,61.770,33.390
0000-00-00T14:28:55:845,101375.812,2.411,61.720,33.390
0000-00-00T14:28:55:921,101375.375,2.447,61.760,33.410
0000-00-00T14:28:55:998,101374.891,2.487,61.770,33.400
0000-00-00T14:28:56:000,101374.102,2.553,61.760,33.400
0000-00-00T14:28:56:077,101374.594,2.512,61.700,33.400
0000-00-00T14:28:56:156,101374.336,2.534,61.750,33.410
0000-00-00T14:28:56:233,101373.141,2.633,61.740,33.400
0000-00-00T14:28:56:309,101373.164,2.631,61.720,33.390
0000-00-00T14:28:56:386,101371.883,2.738,61.760,33.400
0000-00-00T14:28:56:462,101370.711,2.835,61.730,33.390
0000-00-00T14:28:56:539,101369.898,2.903,61.710,33.400
0000-00-00T14:28:56:615,101369.375,2.946,61.720,33.410
0000-00-00T14:28:56:692,101368.836,2.991,61.730,33.390
0000-00-00T14:28:56:768,101368.984,2.979,61.700,33.400
0000-00-00T14:28:56:845,101369.516,2.935,61.710,33.390
0000-00-00T14:28:56:933,101369.281,2.954,61.730,33.400
0000-00-00T14:28:57:000,101367.930,3.066,61.710,33.390
0000-00-00T14:28:57:077,101366.461,3.189,61.710,33.400
0000-00-00T14:28:57:153,101365.141,3.299,61.740,33.400
0000-00-00T14:28:57:230,101364.008,3.393,61.730,33.390
0000-00-00T14:28:57:306,101363.617,3.425,61.700,33.410
0000-00-00T14:28:57:383,101363.484,3.436,61.740,33.410
0000-00-00T14:28:57:477,101362.844,3.490,61.700,33.400
0000-00-00T14:28:57:560,101363.023,3.475,61.730,33.390
0000-00-00T14:28:57:639,101362.375,3.528,61.740,33.400
0000-00-00T14:28:57:715,101361.195,3.627,61.690,33.400
0000-00-00T14:28:57:792,101360.602,3.676,61.690,33.400
0000-00-00T14:28:58:000,101359.273,3.787,61.670,33.400
0000-00-00T14:28:58:077,101358.688,3.836,61.690,33.390
0000-00-00T14:28:58:153,101357.094,3.969,61.700,33.400
0000-00-00T14:28:58:230,101356.086,4.052,61.710,33.430
0000-00-00T14:28:58:306,101355.867,4.071,61.690,33.390
0000-00-00T14:28:58:383,101355.297,4.118,61.680,33.390
0000-00-00T14:28:58:462,101354.641,4.173,61.720,33.400
0000-00-00T14:28:58:538,101353.875,4.236,61.660,33.400
0000-00-00T14:28:58:615,101353.805,4.242,61.680,33.430
0000-00-00T14:28:58:691,101352.961,4.312,61.680,33.410
0000-00-00T14:28:58:768,101352.391,4.359,61.700,33.390
0000-00-00T14:28:58:844,101351.906,4.400,61.680,33.400
0000-00-00T14:28:58:921,101350.383,4.526,61.710,33.390
0000-00-00T14:28:59:000,101350.172,4.545,61.670,33.410
0000-00-00T14:28:59:077,101349.172,4.628,61.700,33.390
0000-00-00T14:28:59:157,101348.969,4.645,61.670,33.400
0000-00-00T14:28:59:233,101347.133,4.798,61.680,33.400
0000-00-00T14:28:59:310,101345.758,4.912,61.660,33.400
0000-00-00T14:28:59:386,101345.375,4.944,61.670,33.390
0000-00-00T14:28:59:463,101344.992,4.975,61.670,33.400
0000-00-00T14:28:59:539,101344.258,5.037,61.640,33.390
0000-00-00T14:28:59:616,101343.109,5.132,61.670,33.410
0000-00-00T14:28:59:692,101342.430,5.188,61.680,33.400
0000-00-00T14:28:59:769,101341.328,5.280,61.670,33.390
0000-00-00T14:28:59:848,101339.164,5.461,61.660,33.400
0000-00-00T14:28:59:925,101339.102,5.466,61.700,33.410
0000-00-00T14:29:00:000,101339.805,5.407,61.700,33.400
0000-00-00T14:29:00:077,101339.031,5.472,61.630,33.410
0000-00-00T14:29:00:153,101339.602,5.424,61.640,33.390
0000-00-00T14:29:00:230,101338.664,5.502,61.660,33.400
0000-00-00T14:29:00:306,101338.836,5.488,61.660,33.370
0000-00-00T14:29:00:383,101338.734,5.496,61.680,33.400
0000-00-00T14:29:00:459,101337.398,5.608,61.650,33.430
0000-00-00T14:29:00:538,101336.531,5.680,61.640,33.400
0000-00-00T14:29:00:615,101336.172,5.710,61.670,33.400
0000-00-00T14:29:00:691,101335.883,5.734,61.660,33.390
0000-00-00T14:29:00:768,101335.383,5.776,61.650,33.400
0000-00-00T14:29:00:844,101334.055,5.886,61.630,33.400
0000-00-00T14:29:01:000,101334.148,5.878,61.600,33.390
0000-00-00T14:29:01:077,101333.742,5.912,61.630,33.400
0000-00-00T14:29:01:154,101332.906,5.982,61.650,33.400
0000-00-00T14:29:01:231,101332.477,6.017,61.630,33.410
0000-00-00T14:29:01:310,101330.555,6.177,61.660,33.390
0000-00-00T14:29:01:386,101330.461,6.185,61.640,33.370
0000-00-00T14:29:01:463,101330.445,6.187,61.640,33.400
0000-00-00T14:29:01:539,101330.875,6.150,61.620,33.410
0000-00-00T14:29:01:616,101330.891,6.149,61.600,33.430
0000-00-00T14:29:01:692,101329.258,6.285,61.620,33.410
0000-00-00T14:29:01:769,101328.203,6.373,61.620,33.410
0000-00-00T14:29:01:845,101326.953,6.477,61.660,33.410
0000-00-00T14:29:01:922,101325.906,6.564,61.630,33.390
0000-00-00T14:29:02:000,101324.500,6.681,61.620,33.400
0000-00-00T14:29:02:080,101324.570,6.675,61.630,33.430
0000-00-00T14:29:02:156,101324.156,6.710,61.620,33.410
0000-00-00T14:29:02:233,101323.219,6.788,61.590,33.390
0000-00-00T14:29:02:309,101322.758,6.826,61.580,33.400
0000-00-00T14:29:02:386,101322.828,6.821,61.590,33.400
0000-00-00T14:29:02:462,101322.070,6.883,61.630,33.410
0000-00-00T14:29:02:539,101322.273,6.867,61.580,33.410
0000-00-00T14:29:02:615,101321.164,6.958,61.600,33.410
0000-00-00T14:29:02:692,101320.789,6.990,61.640,33.430
0000-00-00T14:29:02:771,101317.820,7.237,61.570,33.400
0000-00-00T14:29:02:848,101317.023,7.304,61.590,33.410
0000-00-00T14:29:02:924,101317.055,7.301,61.560,33.390
0000-00-00T14:29:03:000,101316.883,7.315,61.620,33.400
0000-00-00T14:29:03:077,101317.008,7.305,61.580,33.400
0000-00-00T14:29:03:154,101317.734,7.244,61.570,33.390
0000-00-00T14:29:03:230,101316.578,7.341,61.620,33.400
0000-00-00T14:29:03:306,101316.555,7.343,61.580,33.400
0000-00-00T14:29:03:383,101317.133,7.295,61.570,33.400
0000-00-00T14:29:03:462,101316.234,7.369,61.570,33.460
0000-00-00T14:29:03:538,101316.148,7.377,61.550,33.400
0000-00-00T14:29:03:615,101315.203,7.455,61.580,33.430
0000-00-00T14:29:03:691,101314.242,7.536,61.600,33.410
0000-00-00T14:29:03:768,101314.688,7.498,61.580,33.400
0000-00-00T14:29:03:845,101315.461,7.434,61.570,33.400
0000-00-00T14:29:04:000,101314.656,7.501,61.590,33.430
0000-00-00T14:29:04:077,101315.594,7.422,61.620,33.410
0000-00-00T14:29:04:153,101316.883,7.315,61.550,33.410
0000-00-00T14:29:04:233,101316.320,7.362,61.550,33.400
0000-00-00T14:29:04:310,101316.305,7.363,61.590,33.400
0000-00-00T14:29:04:386,101315.891,7.398,61.560,33.410
0000-00-00T14:29:04:463,101316.523,7.345,61.590,33.410
0000-00-00T14:29:04:539,101315.422,7.437,61.580,33.410
0000-00-00T14:29:04:616,101315.219,7.454,61.530,33.400
0000-00-00T14:29:04:692,101315.453,7.434,61.560,33.430
0000-00-00T14:29:04:769,101314.742,7.494,61.560,33.400
0000-00-00T14:29:04:845,101315.867,7.400,61.530,33.430
0000-00-00T14:29:04:925,101315.414,7.438,61.540,33.430
0000-00-00T14:29:05:000,101315.031,7.469,61.550,33.400
0000-00-00T14:29:05:077,101314.812,7.488,61.530,33.410
0000-00-00T14:29:05:172,101315.766,7.408,61.570,33.410
0000-00-00T14:29:05:248,101316.008,7.388,61.540,33.410
0000-00-00T14:29:05:325,101316.133,7.378,61.530,33.400
0000-00-00T14:29:05:401,101315.305,7.446,61.540,33.430
0000-00-00T14:29:05:478,101315.422,7.437,61.530,33.410
0000-00-00T14:29:05:554,101315.477,7.432,61.580,33.400
0000-00-00T14:29:05:633,101315.891,7.398,61.530,33.410
0000-00-00T14:29:05:710,101316.094,7.381,61.550,33.400
0000-00-00T14:29:05:787,101314.234,7.536,61.540,33.400
0000-00-00T14:29:05:863,101315.492,7.431,61.560,33.430
0000-00-00T14:29:06:000,101314.562,7.508,61.490,33.410
0000-00-00T14:29:06:077,101316.484,7.348,61.520,33.430
0000-00-00T14:29:06:154,101316.297,7.364,61.510,33.410
0000-00-00T14:29:06:231,101316.492,7.348,61.520,33.410
0000-00-00T14:29:06:307,101316.148,7.377,61.520,33.410
0000-00-00T14:29:06:386,101315.984,7.390,61.540,33.400
0000-00-00T14:29:06:463,101315.023,7.470,61.500,33.410
0000-00-00T14:29:06:539,101314.797,7.489,61.520,33.410
0000-00-00T14:29:06:616,101315.109,7.463,61.530,33.410
0000-00-00T14:29:06:692,101315.172,7.458,61.520,33.410
0000-00-00T14:29:06:769,101315.844,7.402,61.500,33.400
0000-00-00T14:29:06:845,101317.078,7.299,61.520,33.410
0000-00-00T14:29:06:922,101316.875,7.316,61.500,33.410
0000-00-00T14:29:07:000,101317.117,7.296,61.480,33.400
0000-00-00T14:29:07:077,101317.062,7.300,61.530,33.400
0000-00-00T14:29:07:156,101316.930,7.311,61.500,33.430
0000-00-00T14:29:07:233,101317.094,7.298,61.520,33.410
0000-00-00T14:29:07:309,101317.633,7.253,61.500,33.410
0000-00-00T14:29:07:386,101317.938,7.228,61.480,33.410
0000-00-00T14:29:07:469,101319.297,7.114,61.490,33.400
0000-00-00T14:29:07:545,101319.164,7.125,61.510,33.410
0000-00-00T14:29:07:622,101318.680,7.166,61.500,33.410
0000-00-00T14:29:07:698,101317.156,7.293,61.510,33.410
0000-00-00T14:29:07:775,101316.492,7.348,61.470,33.430
0000-00-00T14:29:07:854,101316.281,7.365,61.510,33.410
0000-00-00T14:29:08:000,101316.148,7.377,61.490,33.430
0000-00-00T14:29:08:077,101316.891,7.315,61.490,33.440
0000-00-00T14:29:08:154,101316.312,7.362,61.510,33.430
0000-00-00T14:29:08:231,101315.711,7.413,61.530,33.400
0000-00-00T14:29:08:307,101315.273,7.449,61.490,33.400
0000-00-00T14:29:08:383,101313.617,7.587,61.520,33.410
0000-00-00T14:29:08:460,101314.289,7.532,61.480,33.430
0000-00-00T14:29:08:536,101313.984,7.557,61.470,33.400
0000-00-00T14:29:08:624,101313.797,7.572,61.480,33.430
0000-00-00T14:29:08:700,101313.258,7.617,61.510,33.410
0000-00-00T14:29:08:777,101312.867,7.650,61.490,33.400
0000-00-00T14:29:08:853,101313.281,7.615,61.470,33.410
0000-00-00T14:29:08:930,101314.273,7.533,61.480,33.430
0000-00-00T14:29:09:000,101315.078,7.466,61.520,33.410
0000-00-00T14:29:09:077,101315.531,7.428,61.480,33.410
0000-00-00T14:29:09:154,101315.648,7.418,61.470,33.410
0000-00-00T14:29:09:231,101316.547,7.343,61.460,33.410
0000-00-00T14:29:09:310,101316.312,7.362,61.460,33.430
0000-00-00T14:29:09:387,101316.703,7.330,61.460,33.440
0000-00-00T14:29:09:463,101315.258,7.451,61.470,33.430
0000-00-00T14:29:09:540,101315.656,7.417,61.470,33.430
0000-00-00T14:29:09:616,101315.773,7.408,61.470,33.430
0000-00-00T14:29:09:692,101315.617,7.420,61.450,33.430
0000-00-00T14:29:09:769,101315.344,7.443,61.450,33.430
0000-00-00T14:29:09:845,101313.031,7.636,61.440,33.440
0000-00-00T14:29:09:922,101313.875,7.566,61.450,33.430
0000-00-00T14:29:10:000,101314.523,7.511,61.430,33.400
0000-00-00T14:29:10:077,101315.953,7.393,61.430,33.410
0000-00-00T14:29:10:153,101316.250,7.368,61.430,33.400
0000-00-00T14:29:10:230,101315.414,7.438,61.450,33.410
0000-00-00T14:29:10:306,101315.805,7.405,61.460,33.410
0000-00-00T14:29:10:383,101315.203,7.455,61.440,33.400
0000-00-00T14:29:10:459,101315.617,7.420,61.430,33.440
0000-00-00T14:29:10:536,101316.492,7.348,61.410,33.430
0000-00-00T14:29:10:612,101316.406,7.355,61.420,33.430
0000-00-00T14:29:10:691,101315.375,7.441,61.420,33.440
0000-00-00T14:29:10:768,101315.148,7.460,61.400,33.410
0000-00-00T14:29:10:845,101313.922,7.562,61.420,33.410
0000-00-00T14:29:11:000,101314.414,7.520,61.430,33.440
0000-00-00T14:29:11:077,101314.555,7.509,61.430,33.430
0000-00-00T14:29:11:154,101315.633,7.419,61.430,33.430
0000-00-00T14:29:11:231,101316.828,7.320,61.400,33.430
0000-00-00T14:29:11:307,101317.438,7.269,61.410,33.410
0000-00-00T14:29:11:384,101317.336,7.278,61.430,33.430
0000-00-00T14:29:11:463,101317.312,7.280,61.440,33.430
0000-00-00T14:29:11:539,101316.922,7.312,61.440,33.440
0000-00-00T14:29:11:616,101316.406,7.355,61.430,33.410
0000-00-00T14:29:11:692,101316.398,7.355,61.380,33.430
0000-00-00T14:29:11:769,101316.453,7.351,61.420,33.430
0000-00-00T14:29:11:846,101315.562,7.425,61.400,33.440
0000-00-00T14:29:11:923,101315.641,7.418,61.420,33.440
0000-00-00T14:29:12:000,101316.672,7.333,61.430,33.410
0000-00-00T14:29:12:076,101317.008,7.305,61.410,33.410
0000-00-00T14:29:12:153,101316.852,7.318,61.430,33.410
0000-00-00T14:29:12:232,101316.875,7.316,61.420,33.440
0000-00-00T14:29:12:309,101317.070,7.300,61.410,33.440
0000-00-00T14:29:12:385,101317.328,7.278,61.410,33.410
0000-00-00T14:29:12:462,101317.539,7.260,61.430,33.430
0000-00-00T14:29:12:538,101316.656,7.334,61.400,33.430
0000-00-00T14:29:12:615,101317.086,7.299,61.400,33.430
0000-00-00T14:29:12:691,101317.344,7.277,61.410,33.430
0000-00-00T14:29:12:787,101316.508,7.346,61.370,33.410
0000-00-00T14:29:12:864,101317.148,7.293,61.400,33.410
0000-00-00T14:29:13:000,101316.984,7.307,61.430,33.410
0000-00-00T14:29:13:076,101317.516,7.262,61.380,33.440
0000-00-00T14:29:13:153,101316.227,7.369,61.360,33.410
0000-00-00T14:29:13:230,101317.102,7.297,61.380,33.430
0000-00-00T14:29:13:306,101316.859,7.317,61.380,33.430
0000-00-00T14:29:13:383,101315.875,7.399,61.410,33.430
0000-00-00T14:29:13:459,101315.406,7.438,61.380,33.430
0000-00-00T14:29:13:536,101315.234,7.453,61.390,33.410
0000-00-00T14:29:13:612,101314.930,7.478,61.400,33.440
0000-00-00T14:29:13:692,101314.578,7.507,61.380,33.440
0000-00-00T14:29:13:768,101314.398,7.522,61.380,33.440
0000-00-00T14:29:13:845,101315.055,7.467,61.410,33.400
0000-00-00T14:29:13:921,101315.719,7.412,61.380,33.430
0000-00-00T14:29:14:000,101316.352,7.359,61.400,33.440
0000-00-00T14:29:14:077,101316.414,7.354,61.360,33.430
0000-00-00T14:29:14:154,101315.750,7.410,61.400,33.430
0000-00-00T14:29:14:231,101316.062,7.384,61.370,33.430
0000-00-00T14:29:14:308,101315.141,7.460,61.380,33.430
0000-00-00T14:29:14:387,101315.633,7.419,61.350,33.430
0000-00-00T14:29:14:464,101316.078,7.383,61.360,33.430
0000-00-00T14:29:14:540,101316.281,7.365,61.320,33.430
0000-00-00T14:29:14:617,101315.867,7.400,61.330,33.430
0000-00-00T14:29:14:693,101315.703,7.413,61.370,33.430
0000-00-00T14:29:14:770,101316.992,7.306,61.310,33.410
0000-00-00T14:29:14:846,101317.188,7.290,61.360,33.410
0000-00-00T14:29:14:923,101317.609,7.255,61.320,33.410
0000-00-00T14:29:15:000,101316.852,7.318,61.360,33.430
0000-00-00T14:29:15:080,101315.484,7.432,61.360,33.410
0000-00-00T14:29:15:156,101314.977,7.474,61.380,33.430
0000-00-00T14:29:15:233,101315.828,7.403,61.320,33.400
0000-00-00T14:29:15:309,101314.812,7.488,61.380,33.410
0000-00-00T14:29:15:386,101314.875,7.483,61.330,33.430
0000-00-00T14:29:15:462,101314.992,7.473,61.320,33.410
0000-00-00T14:29:15:539,101315.500,7.430,61.330,33.430
0000-00-00T14:29:15:615,101316.281,7.365,61.370,33.410
0000-00-00T14:29:15:692,101316.391,7.356,61.330,33.430
0000-00-00T14:29:15:771,101315.266,7.450,61.310,33.410
0000-00-00T14:29:15:847,101315.625,7.420,61.360,33.440
0000-00-00T14:29:15:924,101315.383,7.440,61.320,33.430
0000-00-00T14:29:16:000,101315.367,7.441,61.310,33.440
0000-00-00T14:29:16:077,101315.430,7.436,61.320,33.430
0000-00-00T14:29:16:154,101315.883,7.399,61.320,33.440
0000-00-00T14:29:16:230,101314.977,7.474,61.310,33.410
0000-00-00T14:29:16:306,101314.820,7.487,61.360,33.440
0000-00-00T14:29:16:383,101315.547,7.426,61.340,33.410
0000-00-00T14:29:16:462,101315.570,7.424,61.340,33.400
0000-00-00T14:29:16:539,101315.141,7.460,61.290,33.430
0000-00-00T14:29:16:615,101315.352,7.443,61.310,33.410
0000-00-00T14:29:16:692,101315.094,7.464,61.320,33.430
0000-00-00T14:29:16:768,101314.664,7.500,61.320,33.430
0000-00-00T14:29:16:845,101315.305,7.446,61.340,33.430
0000-00-00T14:29:16:922,101315.727,7.411,61.300,33.410
0000-00-00T14:29:17:000,101315.883,7.399,61.290,33.430
0000-00-00T14:29:17:082,101315.969,7.392,61.290,33.430
0000-00-00T14:29:17:159,101315.711,7.413,61.290,33.410
0000-00-00T14:29:17:238,101315.930,7.395,61.280,33.430
0000-00-00T14:29:17:315,101316.078,7.383,61.300,33.440
0000-00-00T14:29:17:391,101315.977,7.391,61.290,33.430
0000-00-00T14:29:17:468,101315.664,7.417,61.290,33.430
0000-00-00T14:29:17:544,101316.586,7.340,61.290,33.410
0000-00-00T14:29:17:621,101316.500,7.347,61.270,33.430
0000-00-00T14:29:17:697,101315.906,7.397,61.300,33.430
0000-00-00T14:29:17:774,101316.695,7.331,61.300,33.400
0000-00-00T14:29:17:850,101316.062,7.384,61.280,33.410
0000-00-00T14:29:18:000,101316.328,7.361,61.300,33.430
0000-00-00T14:29:18:077,101316.117,7.379,61.260,33.440
0000-00-00T14:29:18:154,101315.305,7.446,61.300,33.430
0000-00-00T14:29:18:231,101315.008,7.471,61.270,33.430
0000-00-00T14:29:18:307,101314.344,7.526,61.260,33.430
0000-00-00T14:29:18:383,101314.461,7.517,61.260,33.440
0000-00-00T14:29:18:460,101314.781,7.490,61.290,33.440
0000-00-00T14:29:18:536,101313.891,7.564,61.250,33.440
0000-00-00T14:29:18:613,101314.469,7.516,61.270,33.400
0000-00-00T14:29:18:692,101315.070,7.466,61.290,33.430
0000-00-00T14:29:18:769,101314.977,7.474,61.270,33.430
0000-00-00T14:29:18:845,101314.727,7.495,61.290,33.460
0000-00-00T14:29:18:922,101314.070,7.550,61.220,33.430
0000-00-00T14:29:19:000,101314.258,7.534,61.290,33.430
0000-00-00T14:29:19:077,101314.977,7.474,61.280,33.410
0000-00-00T14:29:19:154,101315.406,7.438,61.240,33.440
0000-00-00T14:29:19:231,101315.086,7.465,61.290,33.430
0000-00-00T14:29:19:308,101314.273,7.533,61.240,33.440
0000-00-00T14:29:19:387,101315.203,7.455,61.240,33.440
0000-00-00T14:29:19:463,101316.461,7.350,61.270,33.410
0000-00-00T14:29:19:540,101315.562,7.425,61.260,33.430
0000-00-00T14:29:19:617,101315.750,7.410,61.240,33.440
0000-00-00T14:29:19:693,101315.875,7.399,61.250,33.410
0000-00-00T14:29:19:769,101315.055,7.467,61.230,33.430
0000-00-00T14:29:19:846,101315.070,7.466,61.220,33.430
0000-00-00T14:29:20:000,101315.703,7.413,61.220,33.440
0000-00-00T14:29:20:077,101315.609,7.421,61.220,33.440
0000-00-00T14:29:20:165,101315.594,7.422,61.240,33.440
0000-00-00T14:29:20:334,101315.344,7.443,61.180,33.410
0000-00-00T14:29:20:410,101315.016,7.471,61.210,33.400
0000-00-00T14:29:20:487,101315.375,7.441,61.210,33.430
0000-00-00T14:29:20:563,101314.266,7.534,61.240,33.440
0000-00-00T14:29:20:640,101314.062,7.550,61.230,33.430
0000-00-00T14:29:20:716,101314.344,7.526,61.210,33.460
0000-00-00T14:29:20:792,101314.914,7.479,61.170,33.430
0000-00-00T14:29:20:869,101314.859,7.484,61.230,33.440
0000-00-00T14:29:20:948,101315.891,7.398,61.210,33.430
0000-00-00T14:29:20:1025,101315.789,7.406,61.220,33.430
0000-00-00T14:29:21:000,101316.023,7.387,61.210,33.440
0000-00-00T14:29:21:077,101315.766,7.408,61.220,33.430
0000-00-00T14:29:21:153,101315.312,7.446,61.200,33.430
0000-00-00T14:29:21:230,101313.320,7.612,61.190,33.440
0000-00-00T14:29:21:306,101313.516,7.596,61.200,33.440
0000-00-00T14:29:21:383,101313.352,7.609,61.210,33.430
0000-00-00T14:29:21:459,101313.227,7.620,61.190,33.410
0000-00-00T14:29:21:538,101314.172,7.541,61.210,33.430
0000-00-00T14:29:21:615,101314.609,7.504,61.210,33.410
0000-00-00T14:29:21:691,101314.641,7.502,61.190,33.430
0000-00-00T14:29:21:768,101315.719,7.412,61.180,33.440
0000-00-00T14:29:21:844,101315.508,7.430,61.180,33.440
0000-00-00T14:29:22:000,101315.750,7.410,61.190,33.430
0000-00-00T14:29:22:077,101314.984,7.473,61.160,33.440
0000-00-00T14:29:22:154,101315.234,7.453,61.190,33.430
0000-00-00T14:29:22:230,101314.289,7.532,61.200,33.410
0000-00-00T14:29:22:307,101313.203,7.622,61.160,33.440
0000-00-00T14:29:22:386,101312.508,7.679,61.160,33.460
0000-00-00T14:29:22:462,101312.930,7.645,61.160,33.440
0000-00-00T14:29:22:539,101313.281,7.615,61.160,33.410
0000-00-00T14:29:22:615,101314.211,7.538,61.180,33.430
0000-00-00T14:29:22:692,101313.891,7.564,61.150,33.460
0000-00-00T14:29:22:768,101313.664,7.583,61.160,33.430
0000-00-00T14:29:22:845,101313.305,7.613,61.160,33.440
0000-00-00T14:29:22:921,101314.195,7.539,61.150,33.440
0000-00-00T14:29:23:000,101313.695,7.580,61.150,33.430
0000-00-00T14:29:23:080,101313.383,7.606,61.130,33.440
0000-00-00T14:29:23:157,101313.680,7.582,61.150,33.430
0000-00-00T14:29:23:233,101312.469,7.682,61.120,33.430
0000-00-00T14:29:23:310,101312.977,7.641,61.110,33.430
0000-00-00T14:29:23:386,101313.312,7.613,61.160,33.430
0000-00-00T14:29:23:463,101312.602,7.671,61.130,33.410
0000-00-00T14:29:23:539,101313.602,7.589,61.130,33.430
0000-00-00T14:29:23:616,101312.711,7.662,61.160,33.430
0000-00-00T14:29:23:692,101312.758,7.659,61.140,33.410
0000-00-00T14:29:23:771,101312.969,7.641,61.110,33.410
0000-00-00T14:29:23:848,101313.273,7.616,61.170,33.410
0000-00-00T14:29:23:925,101313.758,7.575,61.120,33.430
0000-00-00T14:29:24:000,101314.312,7.529,61.110,33.410
0000-00-00T14:29:24:077,101313.883,7.565,61.150,33.440
0000-00-00T14:29:24:154,101314.039,7.552,61.140,33.430
0000-00-00T14:29:24:231,101314.945,7.476,61.150,33.440
0000-00-00T14:29:24:307,101315.078,7.466,61.130,33.430
0000-00-00T14:29:24:384,101315.891,7.398,61.130,33.410
0000-00-00T14:29:24:463,101315.555,7.426,61.130,33.410
0000-00-00T14:29:24:539,101315.320,7.445,61.100,33.440
0000-00-00T14:29:24:616,101315.039,7.469,61.120,33.460
0000-00-00T14:29:24:692,101315.203,7.455,61.110,33.430
0000-00-00T14:29:24:769,101314.828,7.487,61.100,33.440
0000-00-00T14:29:24:846,101314.609,7.504,61.130,33.430
0000-00-00T14:29:25:000,101314.477,7.515,61.080,33.430
0000-00-00T14:29:25:077,101314.219,7.537,61.110,33.430
0000-00-00T14:29:25:153,101313.031,7.636,61.100,33.440
0000-00-00T14:29:25:233,101313.070,7.633,61.110,33.430
0000-00-00T14:29:25:309,101313.102,7.630,61.090,33.440
0000-00-00T14:29:25:386,101312.656,7.667,61.110,33.440
0000-00-00T14:29:25:462,101312.234,7.703,61.070,33.430
0000-00-00T14:29:25:538,101312.289,7.698,61.090,33.410
0000-00-00T14:29:25:615,101312.516,7.678,61.070,33.440
0000-00-00T14:29:25:691,101313.344,7.610,61.110,33.430
0000-00-00T14:29:25:768,101312.992,7.639,61.090,33.440
0000-00-00T14:29:25:844,101312.562,7.675,61.070,33.430
0000-00-00T14:29:25:924,101312.602,7.671,61.070,33.410
0000-00-00T14:29:26:000,101312.469,7.682,61.100,33.430
0000-00-00T14:29:26:077,101312.680,7.665,61.100,33.440
0000-00-00T14:29:26:153,101313.297,7.614,61.080,33.430
0000-00-00T14:29:26:230,101313.141,7.627,61.070,33.430
0000-00-00T14:29:26:306,101313.125,7.628,61.110,33.430
0000-00-00T14:29:26:383,101312.914,7.646,61.070,33.410
0000-00-00T14:29:26:459,101313.523,7.595,61.100,33.440
0000-00-00T14:29:26:536,101312.922,7.645,61.090,33.460
0000-00-00T14:29:26:615,101314.250,7.535,61.070,33.440
0000-00-00T14:29:26:691,101312.477,7.682,61.080,33.410
0000-00-00T14:29:26:774,101312.312,7.696,61.050,33.430
0000-00-00T14:29:26:851,101311.391,7.773,61.080,33.430
0000-00-00T14:29:27:000,101311.875,7.732,61.060,33.430
0000-00-00T14:29:27:077,101311.570,7.757,61.080,33.430
0000-00-00T14:29:27:153,101311.883,7.731,61.060,33.410
0000-00-00T14:29:27:230,101312.328,7.695,61.070,33.440
0000-00-00T14:29:27:306,101313.320,7.612,61.050,33.440
0000-00-00T14:29:27:383,101313.227,7.620,61.100,33.440
0000-00-00T14:29:27:462,101313.773,7.574,61.030,33.440
0000-00-00T14:29:27:538,101312.367,7.692,61.070,33.430
0000-00-00T14:29:27:615,101312.062,7.717,61.090,33.440
0000-00-00T14:29:27:691,101312.258,7.701,61.000,33.440
0000-00-00T14:29:27:768,101312.023,7.720,61.050,33.430
0000-00-00T14:29:27:844,101312.086,7.715,61.040,33.430
0000-00-00T14:29:28:000,101312.297,7.697,61.030,33.430
0000-00-00T14:29:28:077,101312.859,7.650,61.060,33.430
0000-00-00T14:29:28:154,101312.750,7.659,61.060,33.430
0000-00-00T14:29:28:233,101312.938,7.644,61.020,33.440
0000-00-00T14:29:28:310,101312.562,7.675,61.000,33.430
0000-00-00T14:29:28:386,101313.188,7.623,61.020,33.440
0000-00-00T14:29:28:463,101314.219,7.537,61.010,33.430
0000-00-00T14:29:28:539,101313.359,7.609,61.080,33.410
0000-00-00T14:29:28:616,101313.156,7.625,61.020,33.430
0000-00-00T14:29:28:692,101313.773,7.574,61.020,33.430
0000-00-00T14:29:28:769,101313.766,7.575,61.020,33.440
0000-00-00T14:29:28:845,101312.203,7.705,61.030,33.440
0000-00-00T14:29:28:925,101312.820,7.654,61.020,33.430
0000-00-00T14:29:29:000,101312.398,7.689,61.010,33.430
0000-00-00T14:29:29:077,101312.180,7.707,61.020,33.440
0000-00-00T14:29:29:153,101313.281,7.615,61.000,33.440
0000-00-00T14:29:29:230,101312.523,7.678,61.000,33.430
0000-00-00T14:29:29:307,101312.508,7.679,61.010,33.440
0000-00-00T14:29:29:384,101312.672,7.666,61.020,33.430
0000-00-00T14:29:29:466,101312.656,7.667,60.990,33.410
0000-00-00T14:29:29:542,101313.055,7.634,61.000,33.440
0000-00-00T14:29:29:621,101313.055,7.634,61.000,33.410
0000-00-00T14:29:29:698,101312.922,7.645,61.010,33.410
0000-00-00T14:29:29:774,101312.352,7.693,60.960,33.440
0000-00-00T14:29:29:851,101312.734,7.661,61.000,33.440
0000-00-00T14:29:30:000,101313.250,7.618,61.000,33.430
0000-00-00T14:29:30:077,101313.672,7.583,60.980,33.410
0000-00-00T14:29:30:153,101313.914,7.562,60.940,33.430
0000-00-00T14:29:30:230,101313.625,7.587,60.990,33.410
0000-00-00T14:29:30:306,101314.336,7.527,60.970,33.430
0000-00-00T14:29:30:386,101314.195,7.539,60.990,33.430
0000-00-00T14:29:30:462,101314.148,7.543,61.000,33.430
0000-00-00T14:29:30:539,101312.953,7.643,60.990,33.410
0000-00-00T14:29:30:615,101312.664,7.666,60.980,33.430
0000-00-00T14:29:30:692,101312.508,7.679,60.980,33.440
0000-00-00T14:29:30:768,101312.102,7.713,60.990,33.430
0000-00-00T14:29:30:845,101313.234,7.619,61.010,33.410
0000-00-00T14:29:30:921,101313.680,7.582,60.990,33.430
0000-00-00T14:29:31:000,101312.703,7.663,60.940,33.430
0000-00-00T14:29:31:080,101312.477,7.682,61.010,33.430
0000-00-00T14:29:31:157,101312.562,7.675,61.000,33.430
0000-00-00T14:29:31:233,101312.953,7.643,60.960,33.430
0000-00-00T14:29:31:310,101312.562,7.675,60.980,33.440
0000-00-00T14:29:31:386,101313.242,7.618,60.930,33.430
0000-00-00T14:29:31:463,101312.938,7.644,60.970,33.440
0000-00-00T14:29:31:539,101313.141,7.627,60.950,33.430
0000-00-00T14:29:31:616,101312.844,7.652,60.970,33.400
0000-00-00T14:29:31:692,101313.664,7.583,60.940,33.440
0000-00-00T14:29:31:780,101313.969,7.558,60.980,33.430
0000-00-00T14:29:31:856,101314.766,7.492,60.970,33.410
0000-00-00T14:29:31:933,101313.633,7.586,60.970,33.410
0000-00-00T14:29:32:000,101312.625,7.670,60.960,33.410
0000-00-00T14:29:32:077,101311.750,7.743,60.930,33.440
0000-00-00T14:29:32:153,101312.281,7.699,60.930,33.440
0000-00-00T14:29:32:230,101312.102,7.713,60.940,33.440
0000-00-00T14:29:32:306,101311.789,7.739,60.940,33.440
0000-00-00T14:29:32:383,101311.594,7.755,60.910,33.440
0000-00-00T14:29:32:459,101311.547,7.759,60.940,33.430
0000-00-00T14:29:32:538,101311.281,7.782,60.980,33.430
0000-00-00T14:29:32:615,101312.000,7.722,60.930,33.430
0000-00-00T14:29:32:691,101310.586,7.839,60.930,33.430
0000-00-00T14:29:32:768,101310.656,7.833,60.940,33.430
0000-00-00T14:29:32:844,101311.914,7.729,60.940,33.430
0000-00-00T14:29:32:921,101310.781,7.823,60.950,33.440
0000-00-00T14:29:33:000,101310.609,7.837,60.930,33.430
0000-00-00T14:29:33:077,101310.586,7.839,60.890,33.440
0000-00-00T14:29:33:153,101310.742,7.826,60.920,33.410
0000-00-00T14:29:33:232,101311.000,7.805,60.930,33.430
0000-00-00T14:29:33:309,101311.367,7.775,60.940,33.430
0000-00-00T14:29:33:385,101311.961,7.725,60.910,33.430
0000-00-00T14:29:33:462,101312.141,7.710,60.910,33.410
0000-00-00T14:29:33:538,101312.227,7.703,60.930,33.430
0000-00-00T14:29:33:615,101312.352,7.693,60.890,33.410
0000-00-00T14:29:33:691,101312.172,7.708,60.910,33.430
0000-00-00T14:29:33:768,101312.695,7.664,60.920,33.430
0000-00-00T14:29:33:845,101311.797,7.739,60.920,33.410
0000-00-00T14:29:34:000,101311.125,7.795,60.940,33.410
0000-00-00T14:29:34:077,101311.156,7.792,60.890,33.440
0000-00-00T14:29:34:154,101311.422,7.770,60.910,33.430
0000-00-00T14:29:34:231,101311.562,7.758,60.910,33.430
0000-00-00T14:29:34:308,101311.086,7.798,60.870,33.430
0000-00-00T14:29:34:384,101310.297,7.864,60.920,33.430
0000-00-00T14:29:34:461,101310.508,7.846,60.870,33.430
0000-00-00T14:29:34:537,101310.258,7.867,60.870,33.430
0000-00-00T14:29:34:614,101310.156,7.875,60.920,33.410
0000-00-00T14:29:34:693,101309.961,7.891,60.890,33.410
0000-00-00T14:29:34:769,101310.828,7.819,60.890,33.430
0000-00-00T14:29:34:846,101310.750,7.826,60.900,33.430
0000-00-00T14:29:35:000,101310.547,7.843,60.890,33.430
0000-00-00T14:29:35:077,101311.438,7.769,60.880,33.410
0000-00-00T14:29:35:154,101311.922,7.728,60.870,33.440
0000-00-00T14:29:35:230,101312.969,7.641,60.860,33.410
0000-00-00T14:29:35:307,101312.000,7.722,60.850,33.440
0000-00-00T14:29:35:383,101312.625,7.670,60.860,33.440
0000-00-00T14:29:35:462,101311.984,7.723,60.880,33.440
0000-00-00T14:29:35:539,101311.977,7.724,60.850,33.410
0000-00-00T14:29:35:615,101312.789,7.656,60.870,33.430
0000-00-00T14:29:35:692,101313.398,7.605,60.890,33.430
0000-00-00T14:29:35:768,101312.672,7.666,60.850,33.440
0000-00-00T14:29:35:845,101312.242,7.702,60.860,33.410
0000-00-00T14:29:35:921,101311.734,7.744,60.870,33.410
0000-00-00T14:29:36:000,101312.195,7.706,60.860,33.410
0000-00-00T14:29:36:077,101312.414,7.688,60.840,33.410
0000-00-00T14:29:36:157,101311.805,7.738,60.850,33.410
0000-00-00T14:29:36:233,101311.656,7.750,60.840,33.440
0000-00-00T14:29:36:310,101311.422,7.770,60.850,33.440
0000-00-00T14:29:36:386,101311.094,7.797,60.860,33.430
0000-00-00T14:29:36:463,101311.586,7.756,60.830,33.430
0000-00-00T14:29:36:545,101311.523,7.761,60.840,33.430
0000-00-00T14:29:36:622,101312.133,7.711,60.850,33.430
0000-00-00T14:29:36:698,101311.656,7.750,60.820,33.400
0000-00-00T14:29:36:775,101311.641,7.752,60.840,33.430
0000-00-00T14:29:36:854,101311.875,7.732,60.830,33.410
0000-00-00T14:29:36:931,101311.641,7.752,60.840,33.430
0000-00-00T14:29:37:000,101310.930,7.811,60.830,33.440
0000-00-00T14:29:37:077,101310.305,7.863,60.810,33.430
0000-00-00T14:29:37:153,101309.898,7.897,60.800,33.440
0000-00-00T14:29:37:230,101310.508,7.846,60.840,33.430
0000-00-00T14:29:37:306,101310.547,7.843,60.840,33.430
0000-00-00T14:29:37:383,101310.266,7.866,60.820,33.430
0000-00-00T14:29:37:459,101309.852,7.901,60.820,33.430
0000-00-00T14:29:37:536,101310.188,7.873,60.810,33.430
0000-00-00T14:29:37:615,101311.094,7.797,60.840,33.430
0000-00-00T14:29:37:691,101311.391,7.773,60.810,33.430
0000-00-00T14:29:37:768,101310.891,7.814,60.810,33.430
0000-00-00T14:29:37:844,101311.719,7.745,60.790,33.430
0000-00-00T14:29:38:000,101311.406,7.771,60.810,33.440
0000-00-00T14:29:38:077,101311.633,7.752,60.790,33.410
0000-00-00T14:29:38:154,101310.586,7.839,60.790,33.440
0000-00-00T14:29:38:231,101310.898,7.813,60.820,33.410
0000-00-00T14:29:38:307,101310.617,7.836,60.830,33.410
0000-00-00T14:29:38:386,101311.234,7.785,60.830,33.430
0000-00-00T14:29:38:469,101311.094,7.797,60.830,33.430
0000-00-00T14:29:38:546,101310.992,7.806,60.780,33.430
0000-00-00T14:29:38:622,101312.227,7.703,60.800,33.430
0000-00-00T14:29:38:699,101311.961,7.725,60.770,33.410
0000-00-00T14:29:38:775,101312.648,7.668,60.800,33.440
0000-00-00T14:29:38:852,101313.086,7.631,60.780,33.430
0000-00-00T14:29:38:928,101312.203,7.705,60.790,33.430
0000-00-00T14:29:39:000,101312.047,7.718,60.770,33.440
0000-00-00T14:29:39:080,101312.172,7.708,60.770,33.410
0000-00-00T14:29:39:156,101312.055,7.717,60.750,33.430
0000-00-00T14:29:39:233,101312.773,7.657,60.770,33.430
0000-00-00T14:29:39:310,101312.656,7.667,60.780,33.410
0000-00-00T14:29:39:387,101312.453,7.684,60.740,33.430
0000-00-00T14:29:39:463,101312.312,7.696,60.760,33.430
0000-00-00T14:29:39:540,101311.844,7.735,60.740,33.440
0000-00-00T14:29:39:616,101312.422,7.687,60.760,33.410
0000-00-00T14:29:39:693,101313.125,7.628,60.780,33.440
0000-00-00T14:29:39:772,101312.289,7.698,60.720,33.400
0000-00-00T14:29:39:848,101313.734,7.577,60.740,33.430
0000-00-00T14:29:39:925,101312.148,7.710,60.750,33.430
0000-00-00T14:29:40:000,101311.938,7.727,60.750,33.410
0000-00-00T14:29:40:077,101312.281,7.699,60.760,33.410
0000-00-00T14:29:40:154,101312.305,7.697,60.750,33.410
0000-00-00T14:29:40:230,101312.453,7.684,60.750,33.430
0000-00-00T14:29:40:307,101312.422,7.687,60.760,33.430
0000-00-00T14:29:40:383,101312.391,7.690,60.750,33.430
0000-00-00T14:29:40:462,101312.898,7.647,60.720,33.440
0000-00-00T14:29:40:539,101313.000,7.639,60.740,33.410
0000-00-00T14:29:40:615,101313.195,7.622,60.740,33.440
0000-00-00T14:29:40:692,101313.031,7.636,60.740,33.410
0000-00-00T14:29:40:768,101311.789,7.739,60.760,33.410
0000-00-00T14:29:40:845,101312.852,7.651,60.750,33.430
0000-00-00T14:29:41:000,101312.336,7.694,60.730,33.440
0000-00-00T14:29:41:077,101312.727,7.661,60.730,33.410
0000-00-00T14:29:41:154,101311.742,7.743,60.770,33.410
0000-00-00T14:29:41:233,101312.164,7.708,60.720,33.410
0000-00-00T14:29:41:309,101312.039,7.719,60.740,33.430
0000-00-00T14:29:41:386,101312.266,7.700,60.730,33.410
0000-00-00T14:29:41:462,101312.234,7.703,60.740,33.430
0000-00-00T14:29:41:539,101313.531,7.594,60.720,33.410
0000-00-00T14:29:41:615,101312.875,7.649,60.720,33.400
0000-00-00T14:29:41:692,101312.758,7.659,60.720,33.430
0000-00-00T14:29:41:768,101313.195,7.622,60.750,33.430
0000-00-00T14:29:41:844,101312.562,7.675,60.730,33.430
0000-00-00T14:29:41:924,101312.586,7.673,60.740,33.410
0000-00-00T14:29:41:1001,101313.133,7.627,60.750,33.430
0000-00-00T14:29:42:000,101312.664,7.666,60.730,33.410
0000-00-00T14:29:42:077,101312.234,7.703,60.700,33.430
0000-00-00T14:29:42:153,101312.594,7.672,60.740,33.430
0000-00-00T14:29:42:230,101312.312,7.696,60.710,33.410
0000-00-00T14:29:42:306,101311.234,7.785,60.710,33.410
0000-00-00T14:29:42:383,101311.719,7.745,60.720,33.410
0000-00-00T14:29:42:459,101312.609,7.671,60.710,33.430
0000-00-00T14:29:42:536,101312.289,7.698,60.740,33.400
0000-00-00T14:29:42:615,101312.188,7.706,60.750,33.440
0000-00-00T14:29:42:692,101312.641,7.668,60.710,33.410
0000-00-00T14:29:42:768,101312.516,7.678,60.720,33.430
0000-00-00T14:29:42:845,101312.750,7.659,60.680,33.430
0000-00-00T14:29:43:000,101313.203,7.622,60.700,33.430
0000-00-00T14:29:43:077,101313.062,7.633,60.710,33.410
0000-00-00T14:29:43:154,101312.055,7.717,60.690,33.440
0000-00-00T14:29:43:230,101311.844,7.735,60.720,33.410
0000-00-00T14:29:43:307,101312.516,7.678,60.670,33.410
0000-00-00T14:29:43:394,101312.516,7.678,60.690,33.410
0000-00-00T14:29:43:471,101312.609,7.671,60.710,33.410
0000-00-00T14:29:43:547,101312.305,7.697,60.710,33.430
0000-00-00T14:29:43:623,101311.945,7.726,60.680,33.430
0000-00-00T14:29:43:700,101312.648,7.668,60.680,33.430
0000-00-00T14:29:43:776,101312.875,7.649,60.690,33.430
0000-00-00T14:29:43:853,101312.531,7.677,60.710,33.400
0000-00-00T14:29:43:930,101312.273,7.699,60.680,33.400
0000-00-00T14:29:44:000,101312.820,7.654,60.700,33.400
0000-00-00T14:29:44:079,101312.438,7.685,60.680,33.430
0000-00-00T14:29:44:156,101313.047,7.635,60.660,33.410
0000-00-00T14:29:44:233,101313.008,7.638,60.680,33.410
0000-00-00T14:29:44:310,101312.758,7.659,60.670,33.430
0000-00-00T14:29:44:386,101312.383,7.690,60.700,33.410
0000-00-00T14:29:44:463,101311.547,7.759,60.670,33.430
0000-00-00T14:29:44:539,101310.688,7.831,60.660,33.430
0000-00-00T14:29:44:616,101311.609,7.754,60.640,33.430
0000-00-00T14:29:44:692,101310.867,7.816,60.670,33.430
0000-00-00T14:29:44:771,101310.953,7.809,60.670,33.410
0000-00-00T14:29:44:848,101311.500,7.763,60.660,33.430
0000-00-00T14:29:45:000,101311.992,7.722,60.700,33.410
0000-00-00T14:29:45:077,101310.969,7.808,60.660,33.410
0000-00-00T14:29:45:154,101310.773,7.824,60.660,33.410
0000-00-00T14:29:45:230,101311.711,7.746,60.670,33.400
0000-00-00T14:29:45:306,101312.438,7.685,60.640,33.410
0000-00-00T14:29:45:383,101312.430,7.686,60.670,33.410
0000-00-00T14:29:45:459,101313.352,7.609,60.660,33.430
0000-00-00T14:29:45:539,101313.227,7.620,60.650,33.430
0000-00-00T14:29:45:615,101312.195,7.706,60.670,33.440
0000-00-00T14:29:45:692,101311.898,7.730,60.670,33.430
0000-00-00T14:29:45:768,101311.297,7.780,60.670,33.430
0000-00-00T14:29:45:845,101311.742,7.743,60.620,33.410
0000-00-00T14:29:45:921,101312.742,7.660,60.610,33.430
0000-00-00T14:29:46:000,101312.797,7.655,60.640,33.410
0000-00-00T14:29:46:077,101312.023,7.720,60.660,33.410
0000-00-00T14:29:46:160,101312.141,7.710,60.650,33.410
0000-00-00T14:29:46:239,101313.039,7.636,60.630,33.410
0000-00-00T14:29:46:316,101313.398,7.605,60.650,33.400
0000-00-00T14:29:46:392,101312.734,7.661,60.680,33.410
0000-00-00T14:29:46:468,101312.797,7.655,60.640,33.430
0000-00-00T14:29:46:545,101313.023,7.637,60.630,33.410
0000-00-00T14:29:46:621,101313.477,7.599,60.670,33.410
0000-00-00T14:29:46:698,101312.945,7.643,60.660,33.410
0000-00-00T14:29:46:774,101313.555,7.592,60.650,33.410
0000-00-00T14:29:46:851,101313.438,7.602,60.620,33.390
0000-00-00T14:29:46:931,101313.977,7.557,60.640,33.410
0000-00-00T14:29:47:000,101313.219,7.620,60.630,33.430
0000-00-00T14:29:47:077,101312.281,7.699,60.620,33.430
0000-00-00T14:29:47:154,101311.648,7.751,60.640,33.410
0000-00-00T14:29:47:238,101312.234,7.703,60.620,33.400
0000-00-00T14:29:47:314,101312.938,7.644,60.610,33.430
0000-00-00T14:29:47:391,101312.477,7.682,60.620,33.410
0000-00-00T14:29:47:467,101312.641,7.668,60.610,33.410
0000-00-00T14:29:47:544,101313.227,7.620,60.620,33.410
0000-00-00T14:29:47:620,101314.352,7.526,60.660,33.390
0000-00-00T14:29:47:699,101314.781,7.490,60.600,33.400
0000-00-00T14:29:47:776,101313.508,7.596,60.640,33.430
0000-00-00T14:29:47:853,101313.562,7.592,60.660,33.400
0000-00-00T14:29:48:000,101313.664,7.583,60.620,33.400
0000-00-00T14:29:48:077,101313.492,7.597,60.650,33.400
0000-00-00T14:29:48:154,101314.211,7.538,60.630,33.430
0000-00-00T14:29:48:230,101313.945,7.560,60.650,33.410
0000-00-00T14:29:48:307,101313.602,7.589,60.640,33.410
0000-00-00T14:29:48:383,101312.883,7.648,60.600,33.430
0000-00-00T14:29:48:462,101312.930,7.645,60.600,33.410
0000-00-00T14:29:48:539,101313.281,7.615,60.580,33.410
0000-00-00T14:29:48:615,101313.766,7.575,60.580,33.430
0000-00-00T14:29:48:692,101313.742,7.576,60.610,33.430
0000-00-00T14:29:48:768,101313.422,7.603,60.600,33.400
0000-00-00T14:29:48:845,101313.492,7.597,60.620,33.400
0000-00-00T14:29:48:922,101313.453,7.601,60.600,33.400
0000-00-00T14:29:49:000,101313.594,7.589,60.620,33.400
0000-00-00T14:29:49:076,101312.461,7.683,60.610,33.430
0000-00-00T14:29:49:156,101312.750,7.659,60.570,33.400
0000-00-00T14:29:49:233,101313.953,7.559,60.610,33.400
0000-00-00T14:29:49:310,101314.422,7.520,60.580,33.400
0000-00-00T14:29:49:386,101314.930,7.478,60.600,33.410
0000-00-00T14:29:49:462,101314.352,7.526,60.630,33.430
0000-00-00T14:29:49:539,101313.969,7.558,60.600,33.410
0000-00-00T14:29:49:615,101314.328,7.527,60.580,33.400
0000-00-00T14:29:49:692,101314.023,7.553,60.600,33.410
0000-00-00T14:29:49:768,101313.906,7.563,60.580,33.400
0000-00-00T14:29:49:847,101313.695,7.580,60.600,33.390
0000-00-00T14:29:50:000,101311.875,7.732,60.580,33.410
0000-00-00T14:29:50:077,101312.367,7.692,60.600,33.400
0000-00-00T14:29:50:154,101312.656,7.667,60.570,33.400
0000-00-00T14:29:50:231,101312.758,7.659,60.620,33.410
0000-00-00T14:29:50:307,101312.391,7.690,60.640,33.430
0000-00-00T14:29:50:383,101311.906,7.729,60.580,33.400
0000-00-00T14:29:50:460,101310.562,7.841,60.580,33.410
0000-00-00T14:29:50:536,101311.094,7.797,60.580,33.410
0000-00-00T14:29:50:616,101311.273,7.782,60.580,33.410
0000-00-00T14:29:50:692,101312.062,7.717,60.570,33.400
0000-00-00T14:29:50:769,101312.055,7.717,60.630,33.400
0000-00-00T14:29:50:845,101311.742,7.743,60.540,33.400
0000-00-00T14:29:50:922,101312.000,7.722,60.580,33.410
0000-00-00T14:29:51:000,101312.539,7.677,60.560,33.410
0000-00-00T14:29:51:077,101312.539,7.677,60.560,33.400
0000-00-00T14:29:51:153,101311.945,7.726,60.600,33.430
0000-00-00T14:29:51:230,101312.602,7.671,60.600,33.430
0000-00-00T14:29:51:309,101313.703,7.580,60.570,33.400
0000-00-00T14:29:51:385,101314.680,7.499,60.570,33.400
0000-00-00T14:29:51:462,101313.859,7.567,60.620,33.410
0000-00-00T14:29:51:538,101313.938,7.560,60.600,33.410
0000-00-00T14:29:51:615,101313.336,7.611,60.560,33.430
0000-00-00T14:29:51:691,101312.422,7.687,60.570,33.430
0000-00-00T14:29:51:768,101312.953,7.643,60.600,33.400
0000-00-00T14:29:51:844,101313.031,7.636,60.570,33.410
0000-00-00T14:29:52:000,101312.781,7.657,60.550,33.410
0000-00-00T14:29:52:080,101312.430,7.686,60.560,33.390
0000-00-00T14:29:52:157,101312.328,7.695,60.570,33.390
0000-00-00T14:29:52:233,101312.727,7.661,60.540,33.440
0000-00-00T14:29:52:310,101312.609,7.671,60.580,33.410
0000-00-00T14:29:52:386,101313.062,7.633,60.580,33.410
0000-00-00T14:29:52:463,101312.398,7.689,60.570,33.370
0000-00-00T14:29:52:539,101313.055,7.634,60.560,33.400
0000-00-00T14:29:52:616,101313.070,7.633,60.570,33.410
0000-00-00T14:29:52:692,101313.688,7.581,60.540,33.400
0000-00-00T14:29:52:769,101314.438,7.519,60.560,33.410
0000-00-00T14:29:52:848,101314.297,7.531,60.540,33.410
0000-00-00T14:29:52:925,101312.352,7.693,60.540,33.430
0000-00-00T14:29:53:000,101311.602,7.755,60.550,33.400
0000-00-00T14:29:53:077,101310.984,7.806,60.550,33.400
0000-00-00T14:29:53:154,101312.000,7.722,60.540,33.430
0000-00-00T14:29:53:230,101312.898,7.647,60.550,33.390
0000-00-00T14:29:53:306,101312.867,7.650,60.530,33.410
0000-00-00T14:29:53:383,101311.562,7.758,60.560,33.410
0000-00-00T14:29:53:460,101312.148,7.710,60.550,33.390
0000-00-00T14:29:53:539,101312.148,7.710,60.550,33.400
0000-00-00T14:29:53:615,101312.828,7.653,60.570,33.410
0000-00-00T14:29:53:692,101313.250,7.618,60.560,33.410
0000-00-00T14:29:53:768,101313.055,7.634,60.550,33.370
0000-00-00T14:29:53:845,101311.977,7.724,60.560,33.390
0000-00-00T14:29:54:000,101310.859,7.817,60.550,33.410
0000-00-00T14:29:54:077,101310.930,7.811,60.530,33.400
0000-00-00T14:29:54:154,101310.977,7.807,60.540,33.400
0000-00-00T14:29:54:231,101311.164,7.792,60.570,33.410
0000-00-00T14:29:54:310,101311.406,7.771,60.530,33.400
0000-00-00T14:29:54:387,101312.773,7.657,60.530,33.390
0000-00-00T14:29:54:463,101313.836,7.569,60.520,33.410
0000-00-00T14:29:54:540,101312.914,7.646,60.570,33.400
0000-00-00T14:29:54:616,101312.781,7.657,60.540,33.370
0000-00-00T14:29:54:693,101312.484,7.681,60.560,33.410
0000-00-00T14:29:54:769,101312.539,7.677,60.560,33.390
0000-00-00T14:29:54:846,101312.594,7.672,60.510,33.400
0000-00-00T14:29:54:922,101312.164,7.708,60.520,33.410
0000-00-00T14:29:55:000,101312.547,7.676,60.540,33.390
0000-00-00T14:29:55:076,101311.688,7.748,60.500,33.400
0000-00-00T14:29:55:153,101311.359,7.775,60.540,33.410
0000-00-00T14:29:55:230,101312.070,7.716,60.550,33.410
0000-00-00T14:29:55:306,101311.367,7.775,60.540,33.410
0000-00-00T14:29:55:383,101311.547,7.759,60.550,33.400
0000-00-00T14:29:55:459,101312.000,7.722,60.540,33.400
0000-00-00T14:29:55:535,101311.836,7.735,60.550,33.400
0000-00-00T14:29:55:612,101312.148,7.710,60.570,33.410
0000-00-00T14:29:55:691,101312.461,7.683,60.560,33.390
0000-00-00T14:29:55:767,101312.531,7.677,60.540,33.390
0000-00-00T14:29:55:850,101313.484,7.598,60.530,33.430
0000-00-00T14:29:55:927,101312.328,7.695,60.510,33.400
0000-00-00T14:29:56:000,101313.680,7.582,60.530,33.400
0000-00-00T14:29:56:086,101313.211,7.621,60.560,33.400
0000-00-00T14:29:56:162,101313.250,7.618,60.510,33.410
0000-00-00T14:29:56:238,101313.461,7.600,60.510,33.390
0000-00-00T14:29:56:315,101314.320,7.528,60.510,33.400
0000-00-00T14:29:56:394,101314.328,7.527,60.490,33.390
0000-00-00T14:29:56:471,101314.211,7.538,60.530,33.400
0000-00-00T14:29:56:547,101315.117,7.462,60.560,33.390
0000-00-00T14:29:56:623,101315.086,7.465,60.510,33.400
0000-00-00T14:29:56:700,101314.266,7.534,60.490,33.430
0000-00-00T14:29:56:776,101313.664,7.583,60.530,33.400
0000-00-00T14:29:56:853,101313.367,7.608,60.510,33.410
0000-00-00T14:29:57:000,101313.422,7.603,60.540,33.430
0000-00-00T14:29:57:077,101313.648,7.585,60.490,33.390
0000-00-00T14:29:57:156,101313.617,7.587,60.490,33.400
0000-00-00T14:29:57:233,101312.570,7.674,60.520,33.390
0000-00-00T14:29:57:309,101313.508,7.596,60.490,33.400
0000-00-00T14:29:57:386,101313.031,7.636,60.480,33.390
0000-00-00T14:29:57:462,101314.258,7.534,60.520,33.400
0000-00-00T14:29:57:539,101314.188,7.540,60.510,33.400
0000-00-00T14:29:57:615,101313.578,7.590,60.520,33.400
0000-00-00T14:29:57:692,101313.336,7.611,60.530,33.400
0000-00-00T14:29:57:768,101313.680,7.582,60.520,33.390
0000-00-00T14:29:57:845,101313.836,7.569,60.520,33.400
0000-00-00T14:29:57:924,101313.938,7.560,60.500,33.400
0000-00-00T14:29:58:000,101314.031,7.553,60.510,33.390
0000-00-00T14:29:58:077,101312.008,7.721,60.510,33.390
0000-00-00T14:29:58:154,101312.062,7.717,60.490,33.400
0000-00-00T14:29:58:230,101311.398,7.772,60.490,33.390
0000-00-00T14:29:58:307,101311.922,7.728,60.510,33.430
0000-00-00T14:29:58:383,101311.180,7.790,60.500,33.390
0000-00-00T14:29:58:460,101312.000,7.722,60.490,33.370
0000-00-00T14:29:58:536,101312.523,7.678,60.510,33.400
0000-00-00T14:29:58:615,101311.352,7.776,60.500,33.400
0000-00-00T14:29:58:692,101311.961,7.725,60.490,33.400
0000-00-00T14:29:58:768,101312.680,7.665,60.490,33.370
0000-00-00T14:29:58:845,101312.180,7.707,60.490,33.390
0000-00-00T14:29:58:921,101312.180,7.707,60.480,33.390
0000-00-00T14:29:59:000,101312.398,7.689,60.490,33.400
0000-00-00T14:29:59:077,101312.609,7.671,60.490,33.390
0000-00-00T14:29:59:154,101312.258,7.701,60.490,33.370
0000-00-00T14:29:59:231,101312.648,7.668,60.500,33.370
0000-00-00T14:29:59:311,101312.594,7.672,60.480,33.400
0000-00-00T14:29:59:387,101312.156,7.709,60.480,33.400
0000-00-00T14:29:59:464,101312.250,7.701,60.460,33.390
0000-00-00T14:29:59:540,101311.203,7.788,60.480,33.390
0000-00-00T14:29:59:617,101310.984,7.806,60.470,33.390
0000-00-00T14:29:59:693,101311.180,7.790,60.480,33.390
0000-00-00T14:29:59:770,101309.680,7.915,60.470,33.390
0000-00-00T14:29:59:846,101310.508,7.846,60.490,33.390
0000-00-00T14:30:00:000,101310.523,7.845,60.480,33.390
0000-00-00T14:30:00:080,101310.539,7.843,60.480,33.410
0000-00-00T14:30:00:157,101311.000,7.805,60.450,33.390
0000-00-00T14:30:00:233,101310.742,7.826,60.490,33.390
0000-00-00T14:30:00:310,101311.250,7.784,60.490,33.400
0000-00-00T14:30:00:386,101310.609,7.837,60.480,33.390
0000-00-00T14:30:00:463,101310.852,7.817,60.450,33.400
0000-00-00T14:30:00:539,101310.844,7.818,60.490,33.370
0000-00-00T14:30:00:616,101310.859,7.817,60.450,33.400
0000-00-00T14:30:00:692,101310.070,7.882,60.470,33.400
0000-00-00T14:30:00:771,101309.055,7.967,60.490,33.390
0000-00-00T14:30:00:848,101309.742,7.910,60.460,33.390
0000-00-00T14:30:00:924,101309.258,7.950,60.480,33.400
0000-00-00T14:30:01:000,101310.055,7.884,60.460,33.400
0000-00-00T14:30:01:077,101310.734,7.827,60.440,33.390
0000-00-00T14:30:01:154,101310.133,7.877,60.500,33.410
0000-00-00T14:30:01:230,101309.828,7.903,60.470,33.410
0000-00-00T14:30:01:307,101309.977,7.890,60.450,33.390
0000-00-00T14:30:01:383,101309.195,7.955,60.470,33.390
0000-00-00T14:30:01:462,101309.562,7.925,60.490,33.370
0000-00-00T14:30:01:539,101310.039,7.885,60.460,33.390
0000-00-00T14:30:01:615,101310.195,7.872,60.470,33.390
0000-00-00T14:30:01:692,101309.266,7.950,60.450,33.390
0000-00-00T14:30:01:768,101308.336,8.027,60.480,33.390
0000-00-00T14:30:01:845,101308.359,8.025,60.450,33.390
0000-00-00T14:30:02:000,101308.781,7.989,60.490,33.390
0000-00-00T14:30:02:077,101308.125,8.044,60.440,33.390
0000-00-00T14:30:02:153,101308.031,8.052,60.470,33.400
0000-00-00T14:30:02:233,101307.602,8.088,60.470,33.370
0000-00-00T14:30:02:309,101307.359,8.108,60.460,33.390
0000-00-00T14:30:02:385,101308.453,8.017,60.470,33.390
0000-00-00T14:30:02:462,101308.219,8.036,60.430,33.390
0000-00-00T14:30:02:538,101307.617,8.087,60.490,33.390
0000-00-00T14:30:02:615,101307.438,8.102,60.440,33.390
0000-00-00T14:30:02:691,101307.016,8.137,60.450,33.370
0000-00-00T14:30:02:768,101306.508,8.179,60.450,33.370
0000-00-00T14:30:02:844,101305.391,8.272,60.460,33.390
0000-00-00T14:30:02:921,101305.953,8.225,60.460,33.410
0000-00-00T14:30:02:1000,101304.969,8.307,60.420,33.390
0000-00-00T14:30:03:000,101304.820,8.320,60.450,33.390
0000-00-00T14:30:03:077,101306.188,8.206,60.450,33.400
0000-00-00T14:30:03:154,101306.648,8.168,60.490,33.410
0000-00-00T14:30:03:230,101307.781,8.073,60.450,33.390
0000-00-00T14:30:03:307,101308.344,8.026,60.450,33.390
0000-00-00T14:30:03:383,101310.023,7.886,60.430,33.390
0000-00-00T14:30:03:460,101312.438,7.685,60.430,33.390
0000-00-00T14:30:03:536,101314.156,7.543,60.430,33.400
0000-00-00T14:30:03:616,101317.820,7.237,60.410,33.400
0000-00-00T14:30:03:692,101320.789,6.990,60.430,33.400
0000-00-00T14:30:03:769,101323.156,6.793,60.420,33.390
0000-00-00T14:30:03:845,101325.664,6.584,60.420,33.370
0000-00-00T14:30:03:922,101326.891,6.482,60.440,33.390
0000-00-00T14:30:04:000,101330.000,6.223,60.430,33.390
0000-00-00T14:30:04:077,101333.172,5.959,60.420,33.390
0000-00-00T14:30:04:154,101336.242,5.704,60.420,33.400
0000-00-00T14:30:04:231,101339.922,5.397,60.420,33.430
0000-00-00T14:30:04:310,101342.609,5.174,60.400,33.400
0000-00-00T14:30:04:387,101344.453,5.020,60.390,33.390
0000-00-00T14:30:04:463,101347.570,4.761,60.410,33.400
0000-00-00T14:30:04:540,101351.266,4.453,60.410,33.410
0000-00-00T14:30:04:625,101354.945,4.147,60.440,33.400
0000-00-00T14:30:04:702,101359.039,3.807,60.440,33.410
0000-00-00T14:30:04:778,101362.891,3.486,60.410,33.400
0000-00-00T14:30:04:855,101366.250,3.207,60.450,33.410
0000-00-00T14:30:05:000,101370.938,2.816,60.440,33.410
0000-00-00T14:30:05:080,101374.953,2.482,60.410,33.400
0000-00-00T14:30:05:156,101378.641,2.175,60.400,33.410
0000-00-00T14:30:05:233,101382.875,1.823,60.440,33.400
0000-00-00T14:30:05:309,101385.156,1.633,60.450,33.410
0000-00-00T14:30:05:386,101388.016,1.395,60.450,33.400
0000-00-00T14:30:05:462,101390.695,1.172,60.400,33.430
0000-00-00T14:30:05:539,101394.094,0.890,60.400,33.390
0000-00-00T14:30:05:622,101397.812,0.580,60.410,33.400
0000-00-00T14:30:05:698,101398.891,0.490,60.390,33.390
0000-00-00T14:30:05:778,101401.828,0.246,60.400,33.410
0000-00-00T14:30:05:854,101405.305,-0.043,60.380,33.400
0000-00-00T14:30:06:000,101406.266,-0.124,60.370,33.400
0000-00-00T14:30:06:077,101408.102,-0.276,60.390,33.400
0000-00-00T14:30:06:154,101410.453,-0.472,60.360,33.400
0000-00-00T14:30:06:230,101412.906,-0.676,60.380,33.430
0000-00-00T14:30:06:307,101413.500,-0.725,60.370,33.400
0000-00-00T14:30:06:384,101413.375,-0.714,60.400,33.400
0000-00-00T14:30:06:460,101413.492,-0.725,60.370,33.410
0000-00-00T14:30:06:548,101413.953,-0.762,60.320,33.400
0000-00-00T14:30:06:624,101413.117,-0.693,60.330,33.400
0000-00-00T14:30:06:701,101414.805,-0.834,60.340,33.400
0000-00-00T14:30:06:777,101414.188,-0.782,60.330,33.430
0000-00-00T14:30:06:854,101415.258,-0.871,60.310,33.400
0000-00-00T14:30:06:931,101414.719,-0.827,60.350,33.410
0000-00-00T14:30:07:000,101415.180,-0.865,60.280,33.410
0000-00-00T14:30:07:077,101415.406,-0.884,60.330,33.400
0000-00-00T14:30:07:154,101416.438,-0.969,60.330,33.400
0000-00-00T14:30:07:233,101417.664,-1.071,60.290,33.410
0000-00-00T14:30:07:310,101418.180,-1.114,60.320,33.400
0000-00-00T14:30:07:386,101418.812,-1.166,60.290,33.400
0000-00-00T14:30:07:463,101417.820,-1.084,60.290,33.400
0000-00-00T14:30:07:539,101416.867,-1.006,60.260,33.400
0000-00-00T14:30:07:616,101414.625,-0.819,60.270,33.400
0000-00-00T14:30:07:692,101413.844,-0.753,60.280,33.400
0000-00-00T14:30:07:769,101413.734,-0.744,60.280,33.400
0000-00-00T14:30:07:845,101413.578,-0.732,60.270,33.390
0000-00-00T14:30:07:925,101412.344,-0.629,60.270,33.410
0000-00-00T14:30:08:000,101411.539,-0.562,60.260,33.390
0000-00-00T14:30:08:077,101410.578,-0.482,60.240,33.400
0000-00-00T14:30:08:153,101410.633,-0.487,60.270,33.390
0000-00-00T14:30:08:230,101411.102,-0.526,60.220,33.390
0000-00-00T14:30:08:306,101411.414,-0.551,60.240,33.400
0000-00-00T14:30:08:383,101412.336,-0.629,60.220,33.390
0000-00-00T14:30:08:459,101410.914,-0.510,60.230,33.400
0000-00-00T14:30:08:536,101410.273,-0.457,60.240,33.410
0000-00-00T14:30:08:615,101410.523,-0.478,60.210,33.390
0000-00-00T14:30:08:692,101410.195,-0.450,60.240,33.400
0000-00-00T14:30:08:768,101408.391,-0.300,60.210,33.400
0000-00-00T14:30:08:845,101408.266,-0.290,60.230,33.390
0000-00-00T14:30:08:921,101407.281,-0.208,60.260,33.400
0000-00-00T14:30:09:000,101405.484,-0.058,60.210,33.400
0000-00-00T14:30:09:077,101404.430,0.030,60.250,33.390
0000-00-00T14:30:09:154,101403.156,0.136,60.210,33.410
0000-00-00T14:30:09:231,101402.430,0.196,60.220,33.410
0000-00-00T14:30:09:311,101401.758,0.252,60.210,33.390
0000-00-00T14:30:09:387,101400.227,0.379,60.200,33.410
0000-00-00T14:30:09:464,101401.266,0.293,60.230,33.430
0000-00-00T14:30:09:540,101400.102,0.390,60.220,33.400
0000-00-00T14:30:09:617,101400.352,0.369,60.220,33.410
0000-00-00T14:30:09:694,101400.352,0.369,60.220,33.400
0000-00-00T14:30:09:770,101398.977,0.483,60.240,33.400
0000-00-00T14:30:10:000,101398.820,0.496,60.240,33.410
0000-00-00T14:30:10:077,101399.367,0.451,60.180,33.410
0000-00-00T14:30:10:157,101399.609,0.430,60.240,33.410
0000-00-00T14:30:10:233,101398.898,0.489,60.230,33.400
0000-00-00T14:30:10:310,101398.406,0.530,60.240,33.400
0000-00-00T14:30:10:386,101399.516,0.438,60.240,33.410
0000-00-00T14:30:10:463,101399.852,0.410,60.240,33.410
0000-00-00T14:30:10:539,101397.625,0.596,60.220,33.400
0000-00-00T14:30:10:616,101398.469,0.525,60.200,33.390
0000-00-00T14:30:10:692,101398.477,0.525,60.190,33.390
0000-00-00T14:30:10:769,101399.445,0.445,60.190,33.390
0000-00-00T14:30:10:848,101400.766,0.334,60.200,33.400
0000-00-00T14:30:10:925,101399.812,0.414,60.220,33.400
0000-00-00T14:30:11:000,101399.852,0.410,60.220,33.390
0000-00-00T14:30:11:077,101400.258,0.377,60.230,33.410
0000-00-00T14:30:11:154,101399.648,0.427,60.240,33.400
0000-00-00T14:30:11:231,101400.258,0.377,60.240,33.400
0000-00-00T14:30:11:307,101399.438,0.445,60.220,33.390
0000-00-00T14:30:11:384,101398.695,0.507,60.210,33.400
0000-00-00T14:30:11:460,101399.422,0.447,60.240,33.390
0000-00-00T14:30:11:537,101400.742,0.336,60.210,33.400
0000-00-00T14:30:11:616,101401.336,0.287,60.220,33.410
0000-00-00T14:30:11:693,101400.602,0.348,60.240,33.370
0000-00-00T14:30:11:769,101401.383,0.283,60.230,33.400
0000-00-00T14:30:11:846,101401.523,0.271,60.210,33.400
0000-00-00T14:30:12:000,101401.977,0.234,60.220,33.410
0000-00-00T14:30:12:077,101401.969,0.234,60.240,33.390
0000-00-00T14:30:12:154,101402.211,0.214,60.230,33.390
0000-00-00T14:30:12:230,101402.750,0.169,60.240,33.410
0000-00-00T14:30:12:307,101402.672,0.175,60.220,33.370
0000-00-00T14:30:12:386,101402.367,0.201,60.260,33.390
0000-00-00T14:30:12:462,101401.492,0.274,60.240,33.400
0000-00-00T14:30:12:539,101401.219,0.297,60.210,33.410
0000-00-00T14:30:12:615,101400.500,0.357,60.270,33.400
0000-00-00T14:30:12:692,101401.141,0.303,60.270,33.410
0000-00-00T14:30:12:768,101401.602,0.265,60.220,33.390
0000-00-00T14:30:12:845,101402.312,0.206,60.270,33.400
0000-00-00T14:30:12:922,101401.977,0.234,60.260,33.400
0000-00-00T14:30:13:000,101402.805,0.164,60.260,33.400
0000-00-00T14:30:13:079,101402.062,0.226,60.260,33.400
0000-00-00T14:30:13:156,101401.898,0.240,60.290,33.400
0000-00-00T14:30:13:233,101401.961,0.235,60.230,33.400
0000-00-00T14:30:13:320,101402.109,0.222,60.260,33.400
0000-00-00T14:30:13:396,101400.695,0.340,60.290,33.410
0000-00-00T14:30:13:473,101401.211,0.298,60.270,33.390
0000-00-00T14:30:13:549,101400.445,0.361,60.280,33.400
0000-00-00T14:30:13:626,101400.258,0.377,60.240,33.410
0000-00-00T14:30:13:702,101400.070,0.392,60.250,33.400
0000-00-00T14:30:13:781,101400.188,0.382,60.300,33.430
0000-00-00T14:30:13:858,101400.094,0.391,60.270,33.370
0000-00-00T14:30:13:935,101400.617,0.347,60.270,33.400
0000-00-00T14:30:14:000,101400.578,0.350,60.280,33.400
0000-00-00T14:30:14:077,101400.945,0.319,60.280,33.390
0000-00-00T14:30:14:154,101400.352,0.369,60.290,33.410
0000-00-00T14:30:14:231,101401.461,0.277,60.300,33.400
0000-00-00T14:30:14:307,101401.312,0.289,60.300,33.410
0000-00-00T14:30:14:384,101402.281,0.208,60.290,33.410
0000-00-00T14:30:14:463,101401.508,0.273,60.300,33.390
0000-00-00T14:30:14:540,101401.477,0.275,60.310,33.400
0000-00-00T14:30:14:616,101400.180,0.383,60.290,33.410
0000-00-00T14:30:14:693,101401.000,0.315,60.300,33.390
0000-00-00T14:30:14:769,101402.508,0.190,60.280,33.390
0000-00-00T14:30:14:846,101402.523,0.189,60.320,33.390
0000-00-00T14:30:14:923,101402.305,0.206,60.310,33.400
0000-00-00T14:30:15:000,101400.773,0.333,60.330,33.410
0000-00-00T14:30:15:077,101400.938,0.320,60.330,33.390
0000-00-00T14:30:15:156,101399.234,0.462,60.290,33.400
0000-00-00T14:30:15:233,101400.094,0.391,60.310,33.400
0000-00-00T14:30:15:315,101400.539,0.353,60.350,33.400
0000-00-00T14:30:15:392,101400.727,0.338,60.320,33.390
0000-00-00T14:30:15:468,101401.305,0.290,60.330,33.390
0000-00-00T14:30:15:545,101401.297,0.291,60.330,33.400
0000-00-00T14:30:15:621,101401.422,0.280,60.350,33.410
0000-00-00T14:30:15:698,101401.258,0.294,60.290,33.400
0000-00-00T14:30:15:774,101402.328,0.205,60.330,33.410
0000-00-00T14:30:15:854,101402.977,0.150,60.350,33.400
0000-00-00T14:30:16:000,101402.500,0.190,60.330,33.350
0000-00-00T14:30:16:077,101402.281,0.208,60.330,33.400
0000-00-00T14:30:16:154,101401.977,0.234,60.350,33.390
0000-00-00T14:30:16:230,101402.859,0.160,60.360,33.400
0000-00-00T14:30:16:307,101404.406,0.032,60.400,33.390
0000-00-00T14:30:16:383,101403.750,0.086,60.360,33.390
0000-00-00T14:30:16:460,101398.781,0.500,60.400,33.400
0000-00-00T14:30:16:536,101399.445,0.445,60.360,33.390
0000-00-00T14:30:16:613,101400.242,0.378,60.360,33.410
0000-00-00T14:30:16:692,101401.031,0.312,60.370,33.400
0000-00-00T14:30:16:768,101401.312,0.289,60.390,33.390
0000-00-00T14:30:16:845,101401.234,0.296,60.410,33.370
0000-00-00T14:30:16:922,101400.812,0.330,60.380,33.400
0000-00-00T14:30:17:000,101401.805,0.248,60.390,33.400
0000-00-00T14:30:17:077,101401.984,0.233,60.430,33.370
0000-00-00T14:30:17:154,101401.805,0.248,60.430,33.400
0000-00-00T14:30:17:230,101402.391,0.199,60.400,33.390
0000-00-00T14:30:17:307,101402.641,0.178,60.450,33.400
0000-00-00T14:30:17:386,101402.555,0.186,60.460,33.370
0000-00-00T14:30:17:463,101401.820,0.247,60.460,33.390
0000-00-00T14:30:17:539,101400.484,0.358,60.450,33.370
0000-00-00T14:30:17:616,101402.414,0.197,60.500,33.410
0000-00-00T14:30:17:692,101402.844,0.161,60.450,33.400
0000-00-00T14:30:17:769,101402.320,0.205,60.470,33.410
0000-00-00T14:30:17:845,101402.586,0.183,60.490,33.400
0000-00-00T14:30:18:000,101402.156,0.219,60.480,33.400
0000-00-00T14:30:18:077,101400.930,0.321,60.450,33.400
0000-00-00T14:30:18:165,101401.117,0.305,60.490,33.400
0000-00-00T14:30:18:242,101401.359,0.285,60.500,33.400
0000-00-00T14:30:18:318,101401.648,0.261,60.480,33.400
0000-00-00T14:30:18:395,101402.023,0.229,60.490,33.370
0000-00-00T14:30:18:471,101402.203,0.215,60.510,33.400
0000-00-00T14:30:18:548,101402.164,0.218,60.500,33.400
0000-00-00T14:30:18:624,101401.844,0.245,60.550,33.400
0000-00-00T14:30:18:701,101401.852,0.244,60.530,33.370
0000-00-00T14:30:18:777,101401.086,0.308,60.510,33.390
0000-00-00T14:30:18:856,101399.781,0.416,60.560,33.390
0000-00-00T14:30:18:933,101399.078,0.475,60.550,33.410
0000-00-00T14:30:19:000,101399.820,0.413,60.570,33.400
0000-00-00T14:30:19:077,101399.258,0.460,60.580,33.390
0000-00-00T14:30:19:154,101399.820,0.413,60.560,33.410
0000-00-00T14:30:19:231,101399.969,0.401,60.540,33.390
0000-00-00T14:30:19:308,101400.633,0.345,60.570,33.370
0000-00-00T14:30:19:385,101399.906,0.406,60.550,33.400
0000-00-00T14:30:19:461,101400.570,0.351,60.580,33.370
0000-00-00T14:30:19:540,101401.766,0.251,60.560,33.400
0000-00-00T14:30:19:617,101401.773,0.250,60.580,33.390
0000-00-00T14:30:19:693,101401.922,0.238,60.550,33.400
0000-00-00T14:30:19:770,101402.469,0.193,60.570,33.400
0000-00-00T14:30:19:846,101401.797,0.249,60.590,33.400
0000-00-00T14:30:20:000,101402.414,0.197,60.580,33.400
0000-00-00T14:30:20:076,101401.594,0.265,60.610,33.400
0000-00-00T14:30:20:153,101401.195,0.299,60.620,33.430
0000-00-00T14:30:20:230,101400.969,0.317,60.620,33.400
0000-00-00T14:30:20:309,101400.914,0.322,60.590,33.390
0000-00-00T14:30:20:386,101400.062,0.393,60.570,33.390
0000-00-00T14:30:20:462,101400.141,0.386,60.610,33.390
0000-00-00T14:30:20:539,101401.523,0.271,60.620,33.390
0000-00-00T14:30:20:615,101401.992,0.232,60.610,33.400
0000-00-00T14:30:20:692,101401.625,0.263,60.620,33.400
0000-00-00T14:30:20:768,101401.320,0.289,60.620,33.410
0000-00-00T14:30:20:845,101402.086,0.224,60.650,33.390
0000-00-00T14:30:20:921,101402.820,0.163,60.620,33.400
0000-00-00T14:30:21:000,101402.812,0.164,60.620,33.400
0000-00-00T14:30:21:077,101402.086,0.224,60.660,33.430
0000-00-00T14:30:21:154,101401.852,0.244,60.600,33.400
0000-00-00T14:30:21:231,101401.914,0.239,60.640,33.400
0000-00-00T14:30:21:307,101401.695,0.257,60.640,33.400
0000-00-00T14:30:21:384,101401.148,0.303,60.640,33.390
0000-00-00T14:30:21:460,101399.625,0.429,60.650,33.390
0000-00-00T14:30:21:537,101400.164,0.384,60.670,33.400
0000-00-00T14:30:21:613,101400.156,0.385,60.690,33.410
0000-00-00T14:30:21:690,101402.078,0.225,60.670,33.390
0000-00-00T14:30:21:780,101401.180,0.300,60.630,33.390
0000-00-00T14:30:21:857,101400.070,0.392,60.650,33.430
0000-00-00T14:30:21:934,101391.203,1.130,60.650,33.410
0000-00-00T14:30:22:000,101390.586,1.181,60.700,33.400
0000-00-00T14:30:22:077,101392.758,1.001,60.670,33.400
0000-00-00T14:30:22:153,101394.227,0.878,60.650,33.410
0000-00-00T14:30:22:230,101396.656,0.676,60.670,33.390
0000-00-00T14:30:22:306,101396.961,0.651,60.670,33.390
0000-00-00T14:30:22:383,101397.992,0.565,60.720,33.400
0000-00-00T14:30:22:462,101398.406,0.530,60.730,33.430
0000-00-00T14:30:22:539,101398.836,0.495,60.720,33.390
0000-00-00T14:30:22:615,101399.344,0.453,60.800,33.390
0000-00-00T14:30:22:692,101400.266,0.376,60.830,33.390
0000-00-00T14:30:22:768,101399.336,0.454,60.830,33.400
0000-00-00T14:30:22:845,101400.445,0.361,60.830,33.390
0000-00-00T14:30:23:000,101401.523,0.271,60.890,33.400
0000-00-00T14:30:23:077,101401.219,0.297,60.890,33.400
0000-00-00T14:30:23:154,101401.797,0.249,60.920,33.390
0000-00-00T14:30:23:233,101401.445,0.278,60.930,33.390
0000-00-00T14:30:23:310,101401.734,0.254,60.950,33.390
0000-00-00T14:30:23:386,101399.922,0.405,60.960,33.400
0000-00-00T14:30:23:463,101399.938,0.403,61.000,33.410
0000-00-00T14:30:23:539,101398.656,0.510,60.990,33.430
0000-00-00T14:30:23:616,101396.961,0.651,60.990,33.430
0000-00-00T14:30:23:692,101395.180,0.799,61.000,33.440
0000-00-00T14:30:23:769,101394.102,0.889,61.050,33.430
0000-00-00T14:30:23:845,101393.133,0.969,61.070,33.400
0000-00-00T14:30:23:925,101395.703,0.756,61.090,33.370
0000-00-00T14:30:24:000,101397.094,0.640,61.170,33.390
0000-00-00T14:30:24:077,101397.641,0.594,61.150,33.370
0000-00-00T14:30:24:154,101397.766,0.584,61.140,33.350
0000-00-00T14:30:24:231,101397.852,0.577,61.210,33.340
0000-00-00T14:30:24:307,101397.469,0.609,61.200,33.340
0000-00-00T14:30:24:384,101397.148,0.635,61.200,33.350
0000-00-00T14:30:24:461,101395.789,0.748,61.230,33.340
0000-00-00T14:30:24:537,101395.922,0.737,61.270,33.340
0000-00-00T14:30:24:616,101395.523,0.770,61.300,33.340
0000-00-00T14:30:24:693,101395.609,0.763,61.270,33.340
0000-00-00T14:30:24:770,101395.305,0.788,61.320,33.350
0000-00-00T14:30:24:846,101395.094,0.807,61.320,33.340
0000-00-00T14:30:24:923,101395.688,0.757,61.320,33.340
0000-00-00T14:30:25:000,101395.516,0.771,61.370,33.310
0000-00-00T14:30:25:077,101395.414,0.779,61.370,33.350
0000-00-00T14:30:25:154,101394.000,0.897,61.380,33.350
0000-00-00T14:30:25:230,101393.781,0.916,61.420,33.330
0000-00-00T14:30:25:310,101394.148,0.885,61.430,33.340
0000-00-00T14:30:25:386,101395.875,0.741,61.490,33.330
0000-00-00T14:30:25:463,101396.383,0.699,61.520,33.330
0000-00-00T14:30:25:539,101396.211,0.714,61.530,33.330
0000-00-00T14:30:25:616,101396.953,0.652,61.590,33.330
0000-00-00T14:30:25:692,101397.922,0.571,61.580,33.340
0000-00-00T14:30:25:769,101398.047,0.561,61.630,33.330
0000-00-00T14:30:25:845,101397.180,0.633,61.690,33.310
0000-00-00T14:30:25:922,101397.414,0.613,61.780,33.330
0000-00-00T14:30:26:000,101397.617,0.596,61.820,33.310
0000-00-00T14:30:26:077,101397.133,0.637,61.920,33.310
0000-00-00T14:30:26:153,101396.461,0.692,61.950,33.330
0000-00-00T14:30:26:230,101395.695,0.756,62.020,33.300
0000-00-00T14:30:26:307,101396.078,0.725,62.040,33.310
0000-00-00T14:30:26:383,101395.703,0.756,62.110,33.310
0000-00-00T14:30:26:460,101395.914,0.738,62.130,33.300
0000-00-00T14:30:26:536,101395.680,0.758,62.190,33.300
0000-00-00T14:30:26:613,101395.414,0.779,62.220,33.300
0000-00-00T14:30:26:689,101396.453,0.693,62.300,33.290
0000-00-00T14:30:26:768,101395.711,0.755,62.350,33.270
